{
  "shot": {
    "camera_system": "RED Komodo 6K",
    "primary_lens": "Zeiss Supreme Prime 35mm, T1.5",
    "composition": "Plan moyen (Medium Shot) centré sur le sujet et la boîte de sneakers, légèrement en contre-plongée pour accentuer l'énergie.",
    "camera_motion": "Sequence 1 (0-4s): Dolly in rapide et fluide, commençant à la taille et se terminant en gros plan sur le visage excité et les mains ouvrant la boîte.. Sequence 2 (4-12s): Smooth transition to wider establishing shot, then slow push-in to capture detail and emotion. Sequence 3 (12-20s): Final close-up with subtle dolly movement, ending on a confident, impactful frame.",
    "frame_rate": "48 fps (ralenti léger pour l'impact)",
    "aspect_ratio": "9:16"
  },
  "subject": {
    "identity": {
      "age": "24 ans",
      "gender": "Homme",
      "ethnicity": "Métis (Afro-Américain/Asiatique)"
    },
    "physical": {
      "height": "180 cm",
      "posture": "Assis sur un tabouret industriel, penché en avant avec anticipation."
    },
    "facial_features": {
      "face_shape": "Mâchoire carrée, traits fins",
      "eyes": "Grands, fixant la boîte avec intensité",
      "hair": "Coupe 'fade' soignée",
      "expression": "Excité, sourire large et authentique, yeux écarquillés par la surprise."
    },
    "wardrobe": {
      "outerwear": "Veste bomber oversize noire en nylon technique, légèrement brillante.",
      "top": "T-shirt blanc cassé de coupe 'boxy' avec un col épais.",
      "bottom": "Pantalon cargo noir décontracté, légèrement plissé aux chevilles.",
      "accessories": "Montre numérique minimaliste en métal noir mat, bague simple en argent."
    }
  },
  "action": {
    "sequences": [
      {
        "timing": "0-4 seconds",
        "primary_motion": "Unboxing rapide et énergique d'une boîte de sneakers en édition limitée. Le sujet déchire l'emballage, soulève le couvercle avec une expression de joie intense, et sort la chaussure avec précaution.",
        "camera_follows": "Close tracking of the initial action"
      },
      {
        "timing": "4-12 seconds",
        "primary_motion": "The subject continues the action with increased confidence and detail. Unboxing rapide et énergique d'une boîte de sneakers en édition limitée evolves into a more complete demonstration, showing mastery and precision.",
        "camera_follows": "Medium shot capturing the full context and environment interaction"
      },
      {
        "timing": "12-20 seconds",
        "primary_motion": "The subject completes the action with a satisfied expression, looks at the result with approval, and shows a subtle smile of accomplishment. Final moment captures the positive outcome.",
        "camera_follows": "Close-up on facial expression and final result, ending with a confident pose"
      }
    ],
    "total_duration": "20 seconds"
  },
  "scene": {
    "location": "Studio urbain de style loft industriel, murs en béton brut et sol en époxy gris foncé.",
    "layout": {
      "width": "Espace minimaliste, éclairé par une seule source de lumière principale.",
      "flooring": "Sol en béton ciré gris foncé, très légèrement réfléchissant.",
      "walls": "Mur d'accent en béton brut texturé, avec des graffitis subtils et stylisés en arrière-plan flou."
    },
    "time_of_day": "Début de soirée (18h00), lumière artificielle dominante.",
    "environment": {
      "background": "Arrière-plan flou (bokeh) montrant des silhouettes de matériel de studio (softbox, trépied) et le mur de béton texturé.",
      "temporal_progression": "Environment remains consistent throughout the 20-second narrative. Background elements may subtly shift focus as camera moves, but spatial continuity is maintained for coherent storytelling."
    }
  },
  "cinematography": {
    "lighting": {
      "primary_source": "Softbox octogonale géante (Key Light) placée en haut à droite du sujet.",
      "quality": "Lumière douce et enveloppante, mais avec des ombres nettes sur les bords pour le contraste.",
      "color_temperature": "5600K (Lumière du jour neutre), avec un léger contre-jour bleu froid (8000K) pour la séparation.",
      "key_to_fill_ratio": "4:1 (Contraste élevé pour un look 'streetwear' dramatique).",
      "evolution": "Lighting remains consistent throughout the 20-second sequence, maintaining the established mood. Subtle adjustments in intensity during the final 6 seconds to emphasize the emotional climax and create visual impact."
    },
    "color_grading": {
      "palette": "Palette de couleurs désaturées dominée par les gris, les noirs et les blancs, avec un 'pop' de couleur vive (rouge ou bleu électrique) provenant des sneakers.",
      "tone": "Ton froid, cinématographique et très contrasté (look 'Blade Runner' moderne)."
    }
  },
  "audio": {
    "ambient": "Silence de studio, très léger bourdonnement de ventilation lointain.",
    "foley": "Sequence 1 (0-4s): Bruit de carton déchiqueté, froissement du papier de soie à l'intérieur de la boîte, 'clic' sec de l'ouverture de la boîte, soupir d'anticipation du sujet.. Sequence 2: Additional environmental sounds, subtle interactions with objects, breathing, fabric movement. Sequence 3: Final satisfying sound (smile, exhale, object placement), ambient fade.",
    "music": "Beat Lo-Fi/Trap minimaliste et rythmé, avec une basse profonde, entrant au moment où les sneakers sont révélées. The score builds progressively over 20 seconds, starting subtly and crescendoing toward the final moment. Emotional peak at 14-18s, then resolving with a confident, memorable final chord at 20s."
  },
  "visual_rules": {
    "frame_purity": "without text overlays, logos unless branded, no subtitles",
    "quality_requirements": {
      "no_artifacts": true,
      "no_morphing": true,
      "no_unnatural_motion": true
    },
    "realism": "Carrosserie avec reflets dynamiques de l'environnement. Détails mécaniques et finitions premium visibles. Éclairage studio révélant les lignes de design. Physique réaliste du mouvement et suspension.",
    "continuity": "Cohérence des reflets environnementaux sur la carrosserie. Maintien de la propreté et finition du véhicule. Continuité de l'éclairage et ambiance. Fluidité des mouvements de caméra autour du véhicule."
  },
  "technical_specifications": {
    "resolution": "4K (3840x2160)",
    "color_space": "Rec. 2020",
    "bit_depth": "10-bit",
    "output_quality": "ProRes 422 HQ eq.",
    "duration_seconds": 20
  }
}