{
  "shot": {
    "camera_system": "ARRI Alexa Mini LF",
    "primary_lens": "Zeiss Supreme Prime 50mm, T2.1",
    "composition": "Medium Close-Up (MCU) sur les mains du thérapeute et le dos du client, profondeur de champ très faible (shallow depth of field), règle des tiers.",
    "camera_motion": "Sequence 1 (0-8s): Gimbal smooth motion, léger travelling avant (dolly in) très lent et subtil pour accentuer l'intimité et la concentration.. Sequence 2 (8-12s): Smooth transition to wider establishing shot, then slow push-in to capture detail and emotion. Sequence 3 (12-20s): Final close-up with subtle dolly movement, ending on a confident, impactful frame.",
    "frame_rate": "24 fps (cinématique standard)",
    "aspect_ratio": "16:9"
  },
  "subject": {
    "identity": {
      "age": "33 ans",
      "gender": "femme",
      "ethnicity": "Méditerranéenne, peau mate et lumineuse"
    },
    "physical": {
      "height": "1m70",
      "posture": "Concentrée, mouvements fluides et précis, épaules détendues",
      "hands": "Mains soignées, doigts longs et agiles, sans bijoux"
    },
    "facial_features": {
      "face_shape": "Ovale",
      "eyes": "Fermés ou baissés, expression de sérénité et de professionnalisme",
      "hair": "Chignon bas et net, couleur châtain foncé",
      "expression": "Calme et concentrée"
    },
    "wardrobe": {
      "top": "Tunique de spa en lin blanc cassé, col en V, manches courtes",
      "bottom": "Pantalon de spa assorti (non visible dans le plan)"
    }
  },
  "action": {
    "sequences": [
      {
        "timing": "0-8 seconds",
        "primary_motion": "Application d'huile de massage, puis effleurage lent et profond sur le haut du dos du client (hors-champ). Le mouvement est continu, rythmé et apaisant.",
        "camera_follows": "Initial action with detailed tracking"
      },
      {
        "timing": "8-14 seconds",
        "primary_motion": "Building on the initial action, the subject demonstrates additional aspects and benefits. The movement becomes more fluid and confident, showcasing expertise and comfort.",
        "camera_follows": "Wider shot revealing more context, then pushing in for detail"
      },
      {
        "timing": "14-20 seconds",
        "primary_motion": "The subject concludes with a moment of satisfaction - a knowing smile, a final appreciative glance, or a confident gesture that conveys success and approval of the result.",
        "camera_follows": "Close-up on emotional response and final impactful moment"
      }
    ],
    "total_duration": "20 seconds"
  },
  "scene": {
    "location": "Salle de massage privée dans un spa de luxe 'Zen Wellness'",
    "layout": {
      "width": "Spacieux, ambiance minimaliste et épurée",
      "flooring": "Parquet en bois clair huilé, légèrement brillant",
      "walls": "Murs texturés couleur beige sable, éclairés indirectement",
      "elements": "Une bougie parfumée (lumière vacillante subtile), un bol en céramique contenant de l'huile de massage tiède, un bouquet de fleurs blanches (orchidées) en arrière-plan flou."
    },
    "time_of_day": "Milieu de matinée (10h30)",
    "environment": {
      "background": "Flou artistique (bokeh) des éléments de décoration zen, lumière douce filtrée par un rideau de lin blanc",
      "temporal_progression": "Environment remains consistent throughout the 20-second narrative. Background elements may subtly shift focus as camera moves, but spatial continuity is maintained for coherent storytelling."
    }
  },
  "cinematography": {
    "lighting": {
      "primary_source": "Lumière naturelle de fenêtre (Natural window light) venant de la gauche, filtrée par un rideau de lin blanc",
      "quality": "Soft diffused (lumière très douce et enveloppante), sans ombres dures",
      "color_temperature": "Warm white (3200K - 3500K) pour une ambiance chaleureuse et relaxante",
      "key_to_fill_ratio": "2:1 (faible contraste pour un rendu serein)",
      "evolution": "Lighting remains consistent throughout the 20-second sequence, maintaining the established mood. Subtle adjustments in intensity during the final 6 seconds to emphasize the emotional climax and create visual impact."
    },
    "color_grading": {
      "palette": "Tons neutres (blanc cassé, beige, bois clair, vert pâle des plantes)",
      "tone": "Serein, apaisant, luxueux. Désaturation légère, contraste doux, teintes de peau chaudes et flatteuses."
    }
  },
  "audio": {
    "ambient": "Très faible bruit de fond (humm) de la ventilation, léger crépitement de la bougie.",
    "foley": "Sequence 1 (0-8s): Bruit d'effleurage des mains sur la peau huilée, respiration très calme et profonde du thérapeute.. Sequence 2: Additional environmental sounds, subtle interactions with objects, breathing, fabric movement. Sequence 3: Final satisfying sound (smile, exhale, object placement), ambient fade.",
    "music": "Musique d'ambiance 'Wellness' (Ambient Spa Music), mélodie très douce et minimaliste de piano et de bols tibétains. The score builds progressively over 20 seconds, starting subtly and crescendoing toward the final moment. Emotional peak at 14-18s, then resolving with a confident, memorable final chord at 20s.",
    "dialogue": "Aucun"
  },
  "visual_rules": {
    "frame_purity": "without text overlays, logos unless branded, no subtitles, no visible brand names on products",
    "quality_requirements": {
      "no_artifacts": true,
      "no_morphing": true,
      "no_unnatural_motion": true,
      "hyperrealism": "Photorealistic, cinematic quality, attention to skin texture and oil sheen"
    },
    "realism": "Rendu photoréaliste des textures avec micro-détails visibles. Éclairage studio professionnel créant des reflets et ombres naturels. Physique réaliste des matériaux (métaux, tissus, liquides). Profondeur de champ cinématographique isolant le sujet principal.",
    "continuity": "Cohérence absolue de l'éclairage et des ombres portées entre tous les plans. Transitions fluides et naturelles entre les angles de caméra. Maintien constant de la température de couleur et balance des blancs. Continuité des éléments visuels et props dans le cadre."
  },
  "technical_specifications": {
    "resolution": "4K (3840x2160)",
    "color_space": "Rec. 2020",
    "bit_depth": "10-bit",
    "output_quality": "ProRes 422 HQ eq.",
    "rendering_style": "Hyperrealistic cinematic render, high fidelity",
    "duration_seconds": 20
  }
}