{
  "shot": {
    "camera_system": "ARRI Alexa Mini LF",
    "primary_lens": "Zeiss Supreme Prime 35mm, T2.1",
    "composition": "Plan moyen (Medium Shot) centré sur la coureuse, avec une attention particulière portée aux pieds et aux baskets lors de l'impact. Profondeur de champ très faible (shallow depth of field).",
    "camera_motion": "Sequence 1 (0-8s): Smooth Steadicam tracking, suivant la coureuse de côté (side tracking) à sa vitesse, puis un léger mouvement de 'push-in' (dolly in) pour accentuer la puissance du sprint.. Sequence 2 (8-12s): Smooth transition to wider establishing shot, then slow push-in to capture detail and emotion. Sequence 3 (12-20s): Final close-up with subtle dolly movement, ending on a confident, impactful frame.",
    "frame_rate": "48 fps (pour un léger ralenti cinématique en post-production)",
    "aspect_ratio": "9:16"
  },
  "subject": {
    "identity": {
      "age": "25 ans",
      "gender": "femme",
      "ethnicity": "Latino-Américaine"
    },
    "physical": {
      "height": "170 cm",
      "posture": "Athlétique, corps penché vers l'avant, bras et jambes en extension maximale pour le sprint."
    },
    "facial_features": {
      "face_shape": "Ovale",
      "eyes": "Concentrés, regard fixé sur l'horizon",
      "hair": "Queue de cheval haute, tresses serrées",
      "expression": "Détermination intense, effort physique maximal"
    },
    "wardrobe": {
      "top": "Brassière de sport technique, couleur néon (vert citron)",
      "bottom": "Short de running court et léger, noir mat",
      "footwear": "Baskets running performance (le produit ciblé), blanches avec accents orange vif",
      "accessories": "Montre de sport GPS discrète au poignet gauche"
    }
  },
  "action": {
    "sequences": [
      {
        "timing": "0-8 seconds",
        "primary_motion": "Sprint puissant et explosif sur une piste d'athlétisme. L'action se concentre sur la transition de la foulée et l'énergie transmise au sol.",
        "camera_follows": "Initial action with detailed tracking"
      },
      {
        "timing": "8-14 seconds",
        "primary_motion": "Building on the initial action, the subject demonstrates additional aspects and benefits. The movement becomes more fluid and confident, showcasing expertise and comfort.",
        "camera_follows": "Wider shot revealing more context, then pushing in for detail"
      },
      {
        "timing": "14-20 seconds",
        "primary_motion": "The subject concludes with a moment of satisfaction - a knowing smile, a final appreciative glance, or a confident gesture that conveys success and approval of the result.",
        "camera_follows": "Close-up on emotional response and final impactful moment"
      }
    ],
    "total_duration": "20 seconds"
  },
  "scene": {
    "location": "Piste d'athlétisme professionnelle en tartan bleu vif, ligne droite de 100m.",
    "layout": {
      "width": "Piste large et dégagée",
      "flooring": "Tartan synthétique bleu, avec des lignes blanches nettes",
      "walls": "Gradins vides en arrière-plan, flous par la faible profondeur de champ."
    },
    "time_of_day": "Fin d'après-midi (Golden Hour), vers 17h30.",
    "environment": {
      "background": "Lumière du soleil rasante, créant de longues ombres portées. Atmosphère sèche et chaude.",
      "temporal_progression": "Environment remains consistent throughout the 20-second narrative. Background elements may subtly shift focus as camera moves, but spatial continuity is maintained for coherent storytelling."
    }
  },
  "cinematography": {
    "lighting": {
      "primary_source": "Soleil de fin de journée (Golden Hour) en contre-jour (backlight) pour un effet de halo sur la coureuse.",
      "quality": "Lumière dure et directionnelle, mais adoucie par la brume de chaleur de la piste.",
      "color_temperature": "Très chaud (5500K - 6000K), tons dorés et oranges.",
      "key_to_fill_ratio": "Élevé (8:1), créant un contraste dramatique entre la silhouette et l'arrière-plan lumineux.",
      "evolution": "Lighting remains consistent throughout the 20-second sequence, maintaining the established mood. Subtle adjustments in intensity during the final 6 seconds to emphasize the emotional climax and create visual impact."
    },
    "color_grading": {
      "palette": "Couleurs saturées (bleu du tartan, néon du haut, orange des baskets) contrastant avec les tons chauds de la peau et de l'arrière-plan.",
      "tone": "Énergique, dramatique et aspirationnel. Look de film sportif haut de gamme."
    }
  },
  "audio": {
    "ambient": "Vent léger, silence relatif de la piste.",
    "foley": "Sequence 1 (0-8s): Bruit d'impact net et puissant des baskets sur le tartan (chaque foulée est amplifiée), respiration forte et rythmée de la coureuse.. Sequence 2: Additional environmental sounds, subtle interactions with objects, breathing, fabric movement. Sequence 3: Final satisfying sound (smile, exhale, object placement), ambient fade.",
    "music": "Musique électronique minimaliste et rythmée, avec un crescendo vers la fin du clip. The score builds progressively over 20 seconds, starting subtly and crescendoing toward the final moment. Emotional peak at 14-18s, then resolving with a confident, memorable final chord at 20s."
  },
  "visual_rules": {
    "frame_purity": "without text overlays, logos unless branded, no subtitles, no visible brand logos on clothing other than the product (baskets).",
    "quality_requirements": {
      "no_artifacts": true,
      "no_morphing": true,
      "no_unnatural_motion": true
    },
    "realism": "Carrosserie avec reflets dynamiques de l'environnement. Détails mécaniques et finitions premium visibles. Éclairage studio révélant les lignes de design. Physique réaliste du mouvement et suspension.",
    "continuity": "Cohérence des reflets environnementaux sur la carrosserie. Maintien de la propreté et finition du véhicule. Continuité de l'éclairage et ambiance. Fluidité des mouvements de caméra autour du véhicule."
  },
  "technical_specifications": {
    "resolution": "4K (3840x2160)",
    "color_space": "Rec. 2020",
    "bit_depth": "10-bit",
    "output_quality": "ProRes 422 HQ eq.",
    "duration_seconds": 20
  }
}