{
  "shot": {
    "camera_system": "ARRI Alexa Mini LF",
    "primary_lens": "Zeiss Supreme Prime 35mm, T1.5",
    "composition": "Medium close-up, règle des tiers, profondeur de champ très faible (bokeh doux)",
    "camera_motion": "Sequence 1 (0-8s): Smooth Steadicam tracking, léger dolly in de 1 seconde pour accentuer l'intimité. Sequence 2 (8-12s): Smooth transition to wider establishing shot, then slow push-in to capture detail and emotion. Sequence 3 (12-20s): Final close-up with subtle dolly movement, ending on a confident, impactful frame.",
    "frame_rate": "24 fps",
    "aspect_ratio": "16:9"
  },
  "subject": {
    "identity": {
      "age": "39 ans",
      "gender": "femme",
      "ethnicity": "Caucasienne"
    },
    "physical": {
      "height": "170 cm",
      "posture": "Assise, penchée légèrement vers l'avant, posture ouverte et rassurante"
    },
    "facial_features": {
      "face_shape": "Ovale",
      "eyes": "Bleus, regard doux et concentré",
      "hair": "Châtain clair, attaché en queue de cheval basse",
      "expression": "Sourire subtil, empathique et professionnel"
    },
    "wardrobe": {
      "top": "Blouse médicale blanche, propre et repassée",
      "bottom": "Pantalon de costume bleu marine",
      "accessories": "Montre simple en argent, stéthoscope autour du cou"
    }
  },
  "action": {
    "sequences": [
      {
        "timing": "0-8 seconds",
        "primary_motion": "La pédiatre examine doucement l'oreille d'un enfant (hors champ) avec un otoscope, puis lève les yeux vers la caméra avec un regard bienveillant et rassurant.",
        "camera_follows": "Initial action with detailed tracking"
      },
      {
        "timing": "8-14 seconds",
        "primary_motion": "Building on the initial action, the subject demonstrates additional aspects and benefits. The movement becomes more fluid and confident, showcasing expertise and comfort.",
        "camera_follows": "Wider shot revealing more context, then pushing in for detail"
      },
      {
        "timing": "14-20 seconds",
        "primary_motion": "The subject concludes with a moment of satisfaction - a knowing smile, a final appreciative glance, or a confident gesture that conveys success and approval of the result.",
        "camera_follows": "Close-up on emotional response and final impactful moment"
      }
    ],
    "total_duration": "20 seconds"
  },
  "scene": {
    "location": "Salle de consultation de pédiatrie moderne et lumineuse dans un hôpital",
    "layout": {
      "width": "Pièce de taille moyenne, mobilier minimaliste et ergonomique",
      "flooring": "Revêtement de sol en vinyle gris clair, impeccable",
      "walls": "Murs blancs cassés avec une bande de couleur pastel (vert d'eau) à hauteur d'enfant"
    },
    "time_of_day": "Milieu de matinée (10h30)",
    "environment": {
      "background": "Bureau en bois clair, quelques jouets discrets sur une étagère floue, un écran d'ordinateur éteint",
      "temporal_progression": "Environment remains consistent throughout the 20-second narrative. Background elements may subtly shift focus as camera moves, but spatial continuity is maintained for coherent storytelling."
    }
  },
  "cinematography": {
    "lighting": {
      "primary_source": "Lumière naturelle douce venant d'une grande fenêtre (hors champ) à gauche",
      "quality": "Soft diffused light, pas d'ombres dures",
      "color_temperature": "5600K (Daylight), légèrement réchauffé pour un ton 'caring'",
      "key_to_fill_ratio": "2:1 (faible contraste pour une ambiance apaisante)",
      "evolution": "Lighting remains consistent throughout the 20-second sequence, maintaining the established mood. Subtle adjustments in intensity during the final 6 seconds to emphasize the emotional climax and create visual impact."
    },
    "color_grading": {
      "palette": "Tons pastels (bleu, vert d'eau, blanc) et neutres (bois clair)",
      "tone": "Calm & reassuring, légèrement désaturé pour un look professionnel et cinématographique"
    }
  },
  "audio": {
    "ambient": "Bruit de fond très faible d'un hôpital (murmures lointains, bip discret d'équipement médical)",
    "foley": "Sequence 1 (0-8s): Frottement léger de la blouse, clic doux de l'otoscope. Sequence 2: Additional environmental sounds, subtle interactions with objects, breathing, fabric movement. Sequence 3: Final satisfying sound (smile, exhale, object placement), ambient fade.",
    "music": "Musique d'ambiance instrumentale douce et minimaliste (piano et cordes légères), volume très bas The score builds progressively over 20 seconds, starting subtly and crescendoing toward the final moment. Emotional peak at 14-18s, then resolving with a confident, memorable final chord at 20s."
  },
  "visual_rules": {
    "frame_purity": "without text overlays, logos unless branded, no subtitles",
    "quality_requirements": {
      "no_artifacts": true,
      "no_morphing": true,
      "no_unnatural_motion": true
    },
    "realism": "Rendu hyperréaliste des produits avec finitions premium visibles. Éclairage commercial mettant en valeur les caractéristiques clés. Textures matérielles précises (bois, métal, verre, plastique). Profondeur de champ sélective dirigeant l'attention.",
    "continuity": "Cohérence de la présentation et mise en scène des produits. Maintien de l'ambiance retail et identité de marque. Continuité de l'éclairage commercial et signalétique. Fluidité du parcours d'achat et découverte."
  },
  "technical_specifications": {
    "resolution": "4K (3840x2160)",
    "color_space": "Rec. 2020",
    "bit_depth": "10-bit",
    "output_quality": "ProRes 422 HQ eq.",
    "duration_seconds": 20
  }
}