{
  "shot": {
    "camera_system": "ARRI Alexa Mini LF",
    "primary_lens": "Zeiss Supreme Prime 35mm, T1.8",
    "composition": "Medium close-up (MCU) of the lawyer, centered, with a shallow depth of field (bokeh) on the background.",
    "camera_motion": "Sequence 1 (0-8s): Very slow, subtle 2-inch dolly-in movement, emphasizing the lawyer's focus.. Sequence 2 (8-12s): Smooth transition to wider establishing shot, then slow push-in to capture detail and emotion. Sequence 3 (12-20s): Final close-up with subtle dolly movement, ending on a confident, impactful frame.",
    "frame_rate": "24 fps (cinematic standard)",
    "aspect_ratio": "16:9"
  },
  "subject": {
    "identity": {
      "age": "45 years old",
      "gender": "Female",
      "ethnicity": "Caucasian, professional appearance"
    },
    "physical": {
      "height": "Average",
      "posture": "Upright, confident, seated at a large desk"
    },
    "facial_features": {
      "face_shape": "Oval, defined features",
      "eyes": "Intense, focused gaze, looking slightly off-camera (as if listening to a client)",
      "hair": "Dark brown, professionally styled, mid-length bob",
      "expression": "Serious, thoughtful, authoritative, conveying deep concentration"
    },
    "wardrobe": {
      "suit": "Tailored dark navy blue suit, sharp cut",
      "blouse": "High-quality silk white blouse, buttoned to the neck",
      "accessories": "Minimalist gold watch, small diamond stud earrings"
    }
  },
  "action": {
    "sequences": [
      {
        "timing": "0-8 seconds",
        "primary_motion": "The lawyer is subtly nodding once, then slowly bringing a pen to a legal document on the desk, indicating a decision or agreement.",
        "camera_follows": "Initial action with detailed tracking"
      },
      {
        "timing": "8-14 seconds",
        "primary_motion": "Building on the initial action, the subject demonstrates additional aspects and benefits. The movement becomes more fluid and confident, showcasing expertise and comfort.",
        "camera_follows": "Wider shot revealing more context, then pushing in for detail"
      },
      {
        "timing": "14-20 seconds",
        "primary_motion": "The subject concludes with a moment of satisfaction - a knowing smile, a final appreciative glance, or a confident gesture that conveys success and approval of the result.",
        "camera_follows": "Close-up on emotional response and final impactful moment"
      }
    ],
    "total_duration": "20 seconds"
  },
  "scene": {
    "location": "Executive corporate law office, high floor, city view outside the window (blurred).",
    "layout": {
      "width": "Spacious, high ceilings",
      "flooring": "Dark polished hardwood or high-end carpet",
      "walls": "One wall is a floor-to-ceiling, dark wood, built-in legal library, filled with antique and modern law books. The other wall is a large window.",
      "furniture": "Large, dark mahogany executive desk, high-back leather chair"
    },
    "time_of_day": "Late afternoon (4:00 PM), golden hour light starting to enter the room.",
    "environment": {
      "background": "A prestigious, organized legal library, creating a sense of history, knowledge, and authority. A few high-end, minimalist decorative items (e.g., a bronze sculpture).",
      "temporal_progression": "Environment remains consistent throughout the 20-second narrative. Background elements may subtly shift focus as camera moves, but spatial continuity is maintained for coherent storytelling."
    }
  },
  "cinematography": {
    "lighting": {
      "primary_source": "Large window (natural light, slightly warm)",
      "quality": "Soft, diffused light on the lawyer's face (using a large softbox as fill), dramatic contrast on the library wall (low-key lighting).",
      "color_temperature": "3800K (slightly warm, professional tone)",
      "key_to_fill_ratio": "4:1 (creating depth and a serious, dramatic mood)",
      "evolution": "Lighting remains consistent throughout the 20-second sequence, maintaining the established mood. Subtle adjustments in intensity during the final 6 seconds to emphasize the emotional climax and create visual impact."
    },
    "color_grading": {
      "palette": "Deep blues, rich mahogany browns, muted gold accents.",
      "tone": "Authoritative, sophisticated, and serious. High contrast, slightly desaturated except for the warm highlights."
    }
  },
  "audio": {
    "ambient": "Very low, distant city hum, the faint sound of a high-end air conditioning system.",
    "foley": "Sequence 1 (0-8s): The soft, precise click of the pen cap being removed, the faint rustle of the legal document.. Sequence 2: Additional environmental sounds, subtle interactions with objects, breathing, fabric movement. Sequence 3: Final satisfying sound (smile, exhale, object placement), ambient fade.",
    "music": "None, or extremely subtle, low-frequency, non-intrusive orchestral score (e.g., a single cello note held). The score builds progressively over 20 seconds, starting subtly and crescendoing toward the final moment. Emotional peak at 14-18s, then resolving with a confident, memorable final chord at 20s."
  },
  "visual_rules": {
    "frame_purity": "without text overlays, logos unless branded, no subtitles. Hyperrealistic quality.",
    "quality_requirements": {
      "no_artifacts": true,
      "no_morphing": true,
      "no_unnatural_motion": true
    },
    "realism": "Rendu photoréaliste des tissus avec draping et plis naturels. Textures matérielles précises (coton, soie, denim, cuir). Éclairage mode valorisant les coupes et silhouettes. Mouvements fluides et tombé naturel des vêtements.",
    "continuity": "Cohérence du style, palette de couleurs et esthétique mode. Maintien de l'ajustement et tombé des vêtements. Continuité de l'éclairage mode et ambiance. Fluidité des transitions entre les looks et poses."
  },
  "technical_specifications": {
    "resolution": "4K (3840x2160)",
    "color_space": "Rec. 2020",
    "bit_depth": "10-bit",
    "output_quality": "ProRes 422 HQ eq.",
    "duration_seconds": 20
  }
}