{
  "shot": {
    "camera_system": "ARRI Alexa Mini LF",
    "primary_lens": "Zeiss Supreme Prime 35mm, T2.1",
    "composition": "Medium shot, niveau des yeux, le luminaire en suspension est le point focal supérieur, le couple est en arrière-plan flou (bokeh) interagissant subtilement.",
    "camera_motion": "Sequence 1 (0-4s): Gimbal smooth motion, léger dolly in de 0.5 mètre pour révéler la texture du luminaire.. Sequence 2 (4-12s): Smooth transition to wider establishing shot, then slow push-in to capture detail and emotion. Sequence 3 (12-20s): Final close-up with subtle dolly movement, ending on a confident, impactful frame.",
    "frame_rate": "24 fps",
    "aspect_ratio": "16:9"
  },
  "subject": {
    "identity": {
      "age": "32 ans (homme et femme)",
      "gender": "Homme et Femme",
      "ethnicity": "Caucasien, style scandinave/européen"
    },
    "physical": {
      "height": "Moyen",
      "posture": "Détendue, assise sur un canapé en lin texturé"
    },
    "facial_features": {
      "face_shape": "Définie",
      "eyes": "Regard doux, dirigé vers le luminaire",
      "hair": "Cheveux courts et soignés pour l'homme, cheveux longs et lâchés pour la femme",
      "expression": "Sérénité, satisfaction, ambiance intime"
    },
    "wardrobe": {
      "homme": "Pull en cachemire gris anthracite, pantalon chino ajusté",
      "femme": "Robe pull en maille beige clair, minimaliste et élégante"
    }
  },
  "action": {
    "sequences": [
      {
        "timing": "0-4 seconds",
        "primary_motion": "La femme lève doucement la main pour effleurer le bord du luminaire, l'homme sourit légèrement en la regardant. Mouvement très lent et délibéré.",
        "camera_follows": "Close tracking of the initial action"
      },
      {
        "timing": "4-12 seconds",
        "primary_motion": "The subject continues the action with increased confidence and detail. La femme lève doucement la main pour effleurer le bord du luminaire, l'homme sourit légèrement en la regardant evolves into a more complete demonstration, showing mastery and precision.",
        "camera_follows": "Medium shot capturing the full context and environment interaction"
      },
      {
        "timing": "12-20 seconds",
        "primary_motion": "The subject completes the action with a satisfied expression, looks at the result with approval, and shows a subtle smile of accomplishment. Final moment captures the positive outcome.",
        "camera_follows": "Close-up on facial expression and final result, ending with a confident pose"
      }
    ],
    "total_duration": "20 seconds"
  },
  "scene": {
    "location": "Salon contemporain de luxe, appartement Haussmannien rénové à Paris",
    "layout": {
      "width": "Espace ouvert et aéré, hauteur sous plafond de 3.5m",
      "flooring": "Parquet en chêne clair à chevrons, tapis berbère minimaliste",
      "walls": "Murs blancs cassés (off-white), moulures discrètes, une grande fenêtre à droite"
    },
    "time_of_day": "Début de soirée (19h00), lumière bleue crépusculaire entrant par la fenêtre",
    "environment": {
      "background": "Bibliothèque intégrée en bois sombre, quelques objets d'art minimalistes, une plante d'intérieur (Ficus Lyrata).",
      "temporal_progression": "Environment remains consistent throughout the 20-second narrative. Background elements may subtly shift focus as camera moves, but spatial continuity is maintained for coherent storytelling."
    }
  },
  "cinematography": {
    "lighting": {
      "primary_source": "Lumière chaude et douce émanant du luminaire en suspension (source clé)",
      "quality": "Soft diffused, avec des ombres douces et des reflets subtils sur le métal brossé du luminaire.",
      "color_temperature": "3000K (Warm White) pour le luminaire, 4500K (Cool White) pour la lumière ambiante extérieure.",
      "key_to_fill_ratio": "4:1 (Contraste modéré pour une ambiance intime)",
      "evolution": "Lighting remains consistent throughout the 20-second sequence, maintaining the established mood. Subtle adjustments in intensity during the final 6 seconds to emphasize the emotional climax and create visual impact."
    },
    "color_grading": {
      "palette": "Tons neutres (gris, beige, blanc cassé) avec des accents de couleur chaude (lumière du luminaire).",
      "tone": "Elegant, luxueux, intime, style 'Architectural Digest'."
    }
  },
  "audio": {
    "ambient": "Léger crépitement d'un feu de cheminée lointain, bruit de la ville très atténué (trafic lointain).",
    "foley": "Sequence 1 (0-4s): Frottement subtil du pull en cachemire, léger 'clic' du doigt effleurant le luminaire.. Sequence 2: Additional environmental sounds, subtle interactions with objects, breathing, fabric movement. Sequence 3: Final satisfying sound (smile, exhale, object placement), ambient fade.",
    "music": "Musique de fond jazz lounge très minimaliste, piano et contrebasse, volume très bas. The score builds progressively over 20 seconds, starting subtly and crescendoing toward the final moment. Emotional peak at 14-18s, then resolving with a confident, memorable final chord at 20s."
  },
  "visual_rules": {
    "frame_purity": "without text overlays, logos unless branded, no subtitles. Focus on hyperrealistic texture and detail.",
    "quality_requirements": {
      "no_artifacts": true,
      "no_morphing": true,
      "no_unnatural_motion": true,
      "photorealistic_detail": true
    },
    "realism": "Anatomie et proportions humaines précises avec expressions faciales authentiques. Détails de peau réalistes (pores, texture naturelle, micro-imperfections). Éclairage doux et flatteur simulant la lumière naturelle. Mouvements corporels fluides et biomécaniquement corrects.",
    "continuity": "Progression logique et crédible des actions et mouvements. Cohérence de la direction et qualité de lumière tout au long de la séquence. Maintien des tons de peau, maquillage et coiffure. Fluidité des expressions faciales et langage corporel."
  },
  "technical_specifications": {
    "resolution": "4K (3840x2160)",
    "color_space": "Rec. 2020",
    "bit_depth": "10-bit",
    "output_quality": "ProRes 422 HQ eq.",
    "rendering_style": "Hyperrealistic, Cinematic",
    "duration_seconds": 20
  }
}