{
  "shot": {
    "camera_system": "RED Komodo 6K",
    "primary_lens": "Zeiss Supreme Prime 50mm, T1.5",
    "composition": "Plan très rapproché (Extreme Close-Up) sur les mains du chef et le burger en cours d'assemblage, faible profondeur de champ (shallow depth of field).",
    "camera_motion": "Sequence 1 (0-4s): Slider lateral movement, lent et fluide, suivant le mouvement des mains du chef.. Sequence 2 (4-12s): Smooth transition to wider establishing shot, then slow push-in to capture detail and emotion. Sequence 3 (12-20s): Final close-up with subtle dolly movement, ending on a confident, impactful frame.",
    "frame_rate": "48 fps (pour un léger ralenti en post-production, donnant un aspect plus dramatique)",
    "aspect_ratio": "16:9"
  },
  "subject": {
    "identity": {
      "age": "32 ans",
      "gender": "Homme",
      "ethnicity": "Non spécifié (neutre pour la diversité)"
    },
    "physical": {
      "height": "Moyen",
      "posture": "Concentré, mains précises et rapides"
    },
    "facial_features": {
      "face_shape": "Non visible (hors champ ou flou)",
      "eyes": "Non visible",
      "hair": "Court, sous une toque de chef noire",
      "expression": "Concentration intense"
    },
    "wardrobe": {
      "upper_body": "Veste de chef blanche immaculée, col noir, tablier en cuir marron foncé",
      "accessories": "Gants de cuisine noirs jetables"
    }
  },
  "action": {
    "sequences": [
      {
        "timing": "0-4 seconds",
        "primary_motion": "Assemblage méticuleux d'un burger gourmet : placement précis de la galette de bœuf juteuse, ajout de fromage fondu, de légumes croquants et d'une sauce onctueuse. Le mouvement est précis et intentionnel.",
        "camera_follows": "Close tracking of the initial action"
      },
      {
        "timing": "4-12 seconds",
        "primary_motion": "The subject continues the action with increased confidence and detail. Assemblage méticuleux d'un burger gourmet : placement précis de la galette de bœuf juteuse, ajout de fromage fondu, de légumes croquants et d'une sauce onctueuse evolves into a more complete demonstration, showing mastery and precision.",
        "camera_follows": "Medium shot capturing the full context and environment interaction"
      },
      {
        "timing": "12-20 seconds",
        "primary_motion": "The subject completes the action with a satisfied expression, looks at the result with approval, and shows a subtle smile of accomplishment. Final moment captures the positive outcome.",
        "camera_follows": "Close-up on facial expression and final result, ending with a confident pose"
      }
    ],
    "total_duration": "20 seconds"
  },
  "scene": {
    "location": "Cuisine ouverte d'un restaurant gastronomique, comptoir en marbre noir poli.",
    "layout": {
      "width": "Espace de travail propre et organisé, ingrédients frais disposés de manière artistique.",
      "flooring": "Carrelage industriel sombre et propre.",
      "walls": "Acier inoxydable brossé et carreaux de métro blancs brillants."
    },
    "time_of_day": "Début de soirée (19h00), ambiance chaleureuse.",
    "environment": {
      "background": "Légère activité floue de la cuisine en arrière-plan (bokeh), vapeur s'échappant de la plaque de cuisson, éclairage d'ambiance tamisé.",
      "temporal_progression": "Environment remains consistent throughout the 20-second narrative. Background elements may subtly shift focus as camera moves, but spatial continuity is maintained for coherent storytelling."
    }
  },
  "cinematography": {
    "lighting": {
      "primary_source": "Lumière douce et directionnelle (Softbox) au-dessus du burger, agissant comme une lumière clé.",
      "quality": "Lumière douce et flatteuse pour mettre en valeur les textures, reflets brillants sur la sauce et le fromage.",
      "color_temperature": "Chaud (3200K - Tungstène) pour accentuer l'aspect appétissant et 'golden hour' de la nourriture.",
      "key_to_fill_ratio": "3:1 (Contraste élevé pour un effet dramatique 'food porn')",
      "evolution": "Lighting remains consistent throughout the 20-second sequence, maintaining the established mood. Subtle adjustments in intensity during the final 6 seconds to emphasize the emotional climax and create visual impact."
    },
    "color_grading": {
      "palette": "Riche en couleurs chaudes (rouges, oranges, bruns) et saturées pour les ingrédients.",
      "tone": "Cinématique, saturé, contrasté, avec des noirs profonds et des hautes lumières douces."
    }
  },
  "audio": {
    "ambient": "Bruit de fond subtil d'une cuisine professionnelle (sifflement de la plaque, cliquetis d'ustensiles, murmures lointains de clients).",
    "foley": "Sequence 1 (0-4s): Sons hyperréalistes et amplifiés : 'sizzle' de la viande, 'squish' de la sauce, 'crunch' des légumes, bruit sec du pain qui se referme.. Sequence 2: Additional environmental sounds, subtle interactions with objects, breathing, fabric movement. Sequence 3: Final satisfying sound (smile, exhale, object placement), ambient fade.",
    "music": "Musique d'ambiance jazzy ou hip-hop instrumental, très discret et sophistiqué. The score builds progressively over 20 seconds, starting subtly and crescendoing toward the final moment. Emotional peak at 14-18s, then resolving with a confident, memorable final chord at 20s."
  },
  "visual_rules": {
    "frame_purity": "without text overlays, logos unless branded, no subtitles. Focus on the food and the action.",
    "quality_requirements": {
      "no_artifacts": true,
      "no_morphing": true,
      "no_unnatural_motion": true,
      "hyperrealism_level": "photorealistic, cinematic quality"
    },
    "realism": "Rendu hyperréaliste des produits avec finitions premium visibles. Éclairage commercial mettant en valeur les caractéristiques clés. Textures matérielles précises (bois, métal, verre, plastique). Profondeur de champ sélective dirigeant l'attention.",
    "continuity": "Cohérence de la présentation et mise en scène des produits. Maintien de l'ambiance retail et identité de marque. Continuité de l'éclairage commercial et signalétique. Fluidité du parcours d'achat et découverte."
  },
  "technical_specifications": {
    "resolution": "4K (3840x2160)",
    "color_space": "Rec. 2020",
    "bit_depth": "10-bit",
    "output_quality": "ProRes 422 HQ eq.",
    "duration_seconds": 20
  }
}