{
  "shot": {
    "camera_system": "ARRI Alexa Mini LF",
    "primary_lens": "Zeiss Supreme Prime 35mm, T2.1",
    "composition": "Medium Close-Up (MCU) du notaire, mettant l'accent sur son expression et l'acte à signer. Règle des tiers appliquée.",
    "camera_motion": "Sequence 1 (0-8s): Smooth Steadicam tracking, très lent, se déplaçant légèrement de gauche à droite pour révéler l'acte sur le bureau.. Sequence 2 (8-12s): Smooth transition to wider establishing shot, then slow push-in to capture detail and emotion. Sequence 3 (12-20s): Final close-up with subtle dolly movement, ending on a confident, impactful frame.",
    "frame_rate": "24 fps (cinématique)",
    "aspect_ratio": "16:9"
  },
  "subject": {
    "identity": {
      "age": "52 ans",
      "gender": "homme",
      "ethnicity": "caucasien, teint clair"
    },
    "physical": {
      "height": "180 cm",
      "posture": "Assis, droit, digne et solennel"
    },
    "facial_features": {
      "face_shape": "Ovale, traits marqués",
      "eyes": "Bleu-gris, regard concentré et confiant",
      "hair": "Gris poivre et sel, coiffure classique",
      "expression": "Sérieuse, professionnelle, inspirant la confiance"
    },
    "wardrobe": {
      "suit": "Costume trois-pièces en laine bleu marine foncé, coupe classique, parfaitement ajusté",
      "shirt": "Chemise blanche en coton égyptien, col français",
      "tie": "Cravate en soie bordeaux à motifs discrets, nœud Windsor impeccable",
      "accessories": "Montre classique en or au poignet gauche, boutons de manchette discrets"
    }
  },
  "action": {
    "sequences": [
      {
        "timing": "0-8 seconds",
        "primary_motion": "Le notaire prend un stylo-plume en main, le positionne au-dessus de l'acte notarié, puis signe l'acte avec une précision et une lenteur délibérées.",
        "camera_follows": "Initial action with detailed tracking"
      },
      {
        "timing": "8-14 seconds",
        "primary_motion": "Building on the initial action, the subject demonstrates additional aspects and benefits. The movement becomes more fluid and confident, showcasing expertise and comfort.",
        "camera_follows": "Wider shot revealing more context, then pushing in for detail"
      },
      {
        "timing": "14-20 seconds",
        "primary_motion": "The subject concludes with a moment of satisfaction - a knowing smile, a final appreciative glance, or a confident gesture that conveys success and approval of the result.",
        "camera_follows": "Close-up on emotional response and final impactful moment"
      }
    ],
    "total_duration": "20 seconds"
  },
  "scene": {
    "location": "Bureau de notaire classique et luxueux, dans une étude juridique parisienne",
    "layout": {
      "width": "Bureau en bois massif sombre (acajou ou noyer), tapis persan au sol, bibliothèque murale remplie de livres de droit reliés en cuir.",
      "flooring": "Parquet en chêne foncé poli, partiellement recouvert par un tapis d'Orient",
      "walls": "Boiseries sombres (lambris) et murs peints en vert bouteille ou crème"
    },
    "time_of_day": "Fin d'après-midi (16h00)",
    "environment": {
      "background": "Une grande fenêtre derrière le notaire (hors champ direct) laissant filtrer une lumière douce. Quelques objets symboliques sur le bureau : un encrier en cristal, un sceau en laiton, une pile de dossiers bien ordonnés.",
      "temporal_progression": "Environment remains consistent throughout the 20-second narrative. Background elements may subtly shift focus as camera moves, but spatial continuity is maintained for coherent storytelling."
    }
  },
  "cinematography": {
    "lighting": {
      "primary_source": "Natural window light (lumière douce venant de la gauche, légèrement derrière)",
      "quality": "Soft diffused light, créant des ombres douces et un contraste modéré (ratio 4:1)",
      "color_temperature": "Warm white (3200K), pour une ambiance chaleureuse et digne",
      "key_to_fill_ratio": "4:1 (lumière clé dominante pour sculpter le visage et le bureau)",
      "evolution": "Lighting remains consistent throughout the 20-second sequence, maintaining the established mood. Subtle adjustments in intensity during the final 6 seconds to emphasize the emotional climax and create visual impact."
    },
    "color_grading": {
      "palette": "Tons riches et saturés (bleu marine, bordeaux, bois sombre), avec des blancs propres pour l'acte.",
      "tone": "Solennel, digne, professionnel et rassurant. Contraste élevé pour un look cinématique."
    }
  },
  "audio": {
    "ambient": "Silence feutré d'un bureau de luxe, léger bruit de ventilation, lointain bruit de la ville (faible).",
    "foley": "Sequence 1 (0-8s): Bruit subtil du stylo-plume qui gratte le papier, léger froissement de l'acte, bruit de la montre qui clique.. Sequence 2: Additional environmental sounds, subtle interactions with objects, breathing, fabric movement. Sequence 3: Final satisfying sound (smile, exhale, object placement), ambient fade.",
    "music": "Musique classique instrumentale très douce et discrète (violoncelle ou piano), ton sérieux et confiant. The score builds progressively over 20 seconds, starting subtly and crescendoing toward the final moment. Emotional peak at 14-18s, then resolving with a confident, memorable final chord at 20s."
  },
  "visual_rules": {
    "frame_purity": "without text overlays, logos unless branded, no subtitles, focus on hyperrealism and cinematic quality",
    "quality_requirements": {
      "no_artifacts": true,
      "no_morphing": true,
      "no_unnatural_motion": true,
      "hyperrealism": true
    },
    "realism": "Rendu photoréaliste des tissus avec draping et plis naturels. Textures matérielles précises (coton, soie, denim, cuir). Éclairage mode valorisant les coupes et silhouettes. Mouvements fluides et tombé naturel des vêtements.",
    "continuity": "Cohérence du style, palette de couleurs et esthétique mode. Maintien de l'ajustement et tombé des vêtements. Continuité de l'éclairage mode et ambiance. Fluidité des transitions entre les looks et poses."
  },
  "technical_specifications": {
    "resolution": "4K (3840x2160)",
    "color_space": "Rec. 2020",
    "bit_depth": "10-bit",
    "output_quality": "ProRes 422 HQ eq.",
    "duration_seconds": 20
  }
}