{
  "shot": {
    "camera_system": "RED Komodo 6K",
    "primary_lens": "Zeiss Supreme Prime 35mm, T1.5",
    "composition": "Medium close-up, angle légèrement plongeant, règle des tiers sur le visage du coach.",
    "camera_motion": "Sequence 1 (0-8s): Smooth Steadicam tracking, mouvement latéral lent de gauche à droite, suivant le mouvement de la barre.. Sequence 2 (8-12s): Smooth transition to wider establishing shot, then slow push-in to capture detail and emotion. Sequence 3 (12-20s): Final close-up with subtle dolly movement, ending on a confident, impactful frame.",
    "frame_rate": "48 fps (pour un léger ralenti cinématique à 24 fps)",
    "aspect_ratio": "9:16"
  },
  "subject": {
    "identity": {
      "age": "31 ans",
      "gender": "homme",
      "ethnicity": "méditerranéenne, peau légèrement bronzée"
    },
    "physical": {
      "height": "185 cm",
      "posture": "athlétique, très musclé, concentré"
    },
    "facial_features": {
      "face_shape": "carré, mâchoire définie",
      "eyes": "marron foncé, regard intense",
      "hair": "cheveux courts, foncés, légèrement humides",
      "expression": "détermination et effort intense"
    },
    "wardrobe": {
      "top": "débardeur de sport noir moulant, logo discret sur la poitrine",
      "bottom": "short de sport gris anthracite, longueur mi-cuisse",
      "accessories": "gants de musculation en cuir noir, montre de sport connectée"
    }
  },
  "action": {
    "sequences": [
      {
        "timing": "0-8 seconds",
        "primary_motion": "Le coach exécute un soulevé de terre (deadlift) lourd avec une technique parfaite et une explosion de puissance.",
        "camera_follows": "Initial action with detailed tracking"
      },
      {
        "timing": "8-14 seconds",
        "primary_motion": "Building on the initial action, the subject demonstrates additional aspects and benefits. The movement becomes more fluid and confident, showcasing expertise and comfort.",
        "camera_follows": "Wider shot revealing more context, then pushing in for detail"
      },
      {
        "timing": "14-20 seconds",
        "primary_motion": "The subject concludes with a moment of satisfaction - a knowing smile, a final appreciative glance, or a confident gesture that conveys success and approval of the result.",
        "camera_follows": "Close-up on emotional response and final impactful moment"
      }
    ],
    "total_duration": "20 seconds"
  },
  "scene": {
    "location": "Salle de sport premium (high-end gym), zone de poids libres",
    "layout": {
      "width": "grand espace ouvert",
      "flooring": "sol en caoutchouc noir texturé, propre",
      "walls": "murs en béton brut, éclairage LED indirect"
    },
    "time_of_day": "Fin d'après-midi (17h00)",
    "environment": {
      "background": "haltères chromés, machines de musculation modernes, autres athlètes flous en arrière-plan",
      "temporal_progression": "Environment remains consistent throughout the 20-second narrative. Background elements may subtly shift focus as camera moves, but spatial continuity is maintained for coherent storytelling."
    }
  },
  "cinematography": {
    "lighting": {
      "primary_source": "Lumière douce et directionnelle venant du haut (softbox géante)",
      "quality": "Hard light pour accentuer les muscles, avec un fill light très doux pour déboucher les ombres.",
      "color_temperature": "5000K (lumière du jour neutre, légèrement froide)",
      "key_to_fill_ratio": "4:1 (contraste élevé, look dramatique)",
      "evolution": "Lighting remains consistent throughout the 20-second sequence, maintaining the established mood. Subtle adjustments in intensity during the final 6 seconds to emphasize the emotional climax and create visual impact."
    },
    "color_grading": {
      "palette": "Monochromatique (noir, gris, chrome) avec une légère désaturation des couleurs secondaires.",
      "tone": "Énergique, puissant, motivant, avec des noirs profonds et des blancs éclatants."
    }
  },
  "audio": {
    "ambient": "Bruit de fond d'une salle de sport active (cliquetis des poids, souffles lointains).",
    "foley": "Sequence 1 (0-8s): Grincement subtil de la barre, bruit sec du contact des poids avec le sol en caoutchouc, respiration forte du coach.. Sequence 2: Additional environmental sounds, subtle interactions with objects, breathing, fabric movement. Sequence 3: Final satisfying sound (smile, exhale, object placement), ambient fade.",
    "music": "Musique électronique/trap instrumentale, tempo élevé, mixée en arrière-plan. The score builds progressively over 20 seconds, starting subtly and crescendoing toward the final moment. Emotional peak at 14-18s, then resolving with a confident, memorable final chord at 20s."
  },
  "visual_rules": {
    "frame_purity": "without text overlays, logos unless branded, no subtitles, focus on the raw effort and muscle definition",
    "quality_requirements": {
      "no_artifacts": true,
      "no_morphing": true,
      "no_unnatural_motion": true
    },
    "realism": "Carrosserie avec reflets dynamiques de l'environnement. Détails mécaniques et finitions premium visibles. Éclairage studio révélant les lignes de design. Physique réaliste du mouvement et suspension.",
    "continuity": "Cohérence des reflets environnementaux sur la carrosserie. Maintien de la propreté et finition du véhicule. Continuité de l'éclairage et ambiance. Fluidité des mouvements de caméra autour du véhicule."
  },
  "technical_specifications": {
    "resolution": "4K (3840x2160)",
    "color_space": "Rec. 2020",
    "bit_depth": "10-bit",
    "output_quality": "ProRes 422 HQ eq.",
    "duration_seconds": 20
  }
}