{
  "shot": {
    "camera_system": "RED Komodo 6K",
    "primary_lens": "Sigma Cine FF 35mm T1.5, ouverture T2.8",
    "composition": "Plan moyen (Medium Shot) centré sur l'athlète, angle légèrement en contre-plongée pour accentuer la puissance, règle des tiers respectée.",
    "camera_motion": "Sequence 1 (0-8s): Gimbal smooth motion, travelling avant très lent (Creeping Dolly In) de 0.5m vers l'athlète pour intensifier l'action.. Sequence 2 (8-12s): Smooth transition to wider establishing shot, then slow push-in to capture detail and emotion. Sequence 3 (12-20s): Final close-up with subtle dolly movement, ending on a confident, impactful frame.",
    "frame_rate": "48 fps (ralenti léger pour l'intensité), rendu en 24 fps.",
    "aspect_ratio": "9:16 (Vertical pour réseaux sociaux)"
  },
  "subject": {
    "identity": {
      "age": "26 ans",
      "gender": "Femme",
      "ethnicity": "Caucasienne, teint légèrement hâlé"
    },
    "physical": {
      "height": "170 cm",
      "posture": "Musclée, athlétique, en pleine exécution d'un mouvement de soulevé de terre (Deadlift) ou de Burpee.",
      "details": "Tatouage discret sur l'avant-bras, mains poudrées de magnésie."
    },
    "facial_features": {
      "face_shape": "Ovale, mâchoire serrée",
      "eyes": "Concentrés, fixant l'objectif",
      "hair": "Queue de cheval haute, mèches humides collées au front",
      "expression": "Détermination intense, effort physique maximal"
    },
    "wardrobe": {
      "top": "Brassière de sport noire, coupe ajustée, tissu technique respirant",
      "bottom": "Short de Crossfit noir ou gris foncé, court",
      "shoes": "Chaussures d'haltérophilie/Crossfit, semelle plate"
    }
  },
  "action": {
    "sequences": [
      {
        "timing": "0-8 seconds",
        "primary_motion": "Exécution d'un mouvement de l'haltérophilie (Clean and Jerk ou Snatch) ou d'un Burpee explosif, avec une technique parfaite et une expression de force brute.",
        "camera_follows": "Initial action with detailed tracking"
      },
      {
        "timing": "8-14 seconds",
        "primary_motion": "Building on the initial action, the subject demonstrates additional aspects and benefits. The movement becomes more fluid and confident, showcasing expertise and comfort.",
        "camera_follows": "Wider shot revealing more context, then pushing in for detail"
      },
      {
        "timing": "14-20 seconds",
        "primary_motion": "The subject concludes with a moment of satisfaction - a knowing smile, a final appreciative glance, or a confident gesture that conveys success and approval of the result.",
        "camera_follows": "Close-up on emotional response and final impactful moment"
      }
    ],
    "total_duration": "20 seconds"
  },
  "scene": {
    "location": "Crossfit Box industriel, style 'garage gym' haut de gamme, murs en briques sombres et sol en caoutchouc noir.",
    "layout": {
      "width": "Espace d'entraînement ouvert, racks de squat en arrière-plan flou, quelques kettlebells et haltères visibles.",
      "flooring": "Sol en caoutchouc noir, légèrement usé par l'usage.",
      "walls": "Murs en briques rouges sombres ou béton brut, avec un logo de box discret."
    },
    "time_of_day": "Fin d'après-midi (17h00), ambiance 'after-work grind'.",
    "environment": {
      "background": "Lumière de contre-jour filtrant par une grande fenêtre industrielle, créant des rayons de lumière et de la poussière en suspension.",
      "props": "Barre d'haltérophilie chromée avec disques de couleur vive (rouge/bleu), une horloge de WOD clignotante en arrière-plan.",
      "temporal_progression": "Environment remains consistent throughout the 20-second narrative. Background elements may subtly shift focus as camera moves, but spatial continuity is maintained for coherent storytelling."
    }
  },
  "cinematography": {
    "lighting": {
      "primary_source": "Lumière de contre-jour (Backlight) puissante simulant le soleil couchant à travers une fenêtre.",
      "quality": "Hard directional light pour créer des ombres nettes et accentuer la musculature (style 'fitness hardcore').",
      "color_temperature": "Température de couleur mixte: 5600K (lumière du jour) pour le fond, 3200K (tungstène) pour une légère teinte chaude sur le sujet.",
      "key_to_fill_ratio": "Ratio élevé (8:1) pour un contraste dramatique et des noirs profonds.",
      "evolution": "Lighting remains consistent throughout the 20-second sequence, maintaining the established mood. Subtle adjustments in intensity during the final 6 seconds to emphasize the emotional climax and create visual impact."
    },
    "color_grading": {
      "palette": "Monochrome désaturé avec des accents de couleur (rouge des disques, bleu du logo) pour un look 'gritty' et intense.",
      "tone": "Dramatique, contrasté, saturé uniquement sur les couleurs vives, ambiance 'hardcore training'."
    }
  },
  "audio": {
    "ambient": "Bruit de fond de la salle de sport: cliquetis des poids, grincement des chaussures sur le sol en caoutchouc, respiration lourde de l'athlète.",
    "foley": "Sequence 1 (0-8s): Son net et puissant de la barre d'haltérophilie qui touche le sol, bruit de la magnésie sur les mains, son de l'effort (grognement contrôlé).. Sequence 2: Additional environmental sounds, subtle interactions with objects, breathing, fabric movement. Sequence 3: Final satisfying sound (smile, exhale, object placement), ambient fade.",
    "music": "Musique électronique industrielle ou rock instrumental, tempo élevé, mixée très bas pour laisser l'ambiance sonore dominer. The score builds progressively over 20 seconds, starting subtly and crescendoing toward the final moment. Emotional peak at 14-18s, then resolving with a confident, memorable final chord at 20s."
  },
  "visual_rules": {
    "frame_purity": "without text overlays, logos unless branded, no subtitles, hyperrealistic rendering, no motion blur artifacts.",
    "quality_requirements": {
      "no_artifacts": true,
      "no_morphing": true,
      "no_unnatural_motion": true,
      "photorealism": "Maximum photorealism, indistinguishable from real-life footage."
    },
    "realism": "Carrosserie avec reflets dynamiques de l'environnement. Détails mécaniques et finitions premium visibles. Éclairage studio révélant les lignes de design. Physique réaliste du mouvement et suspension.",
    "continuity": "Cohérence des reflets environnementaux sur la carrosserie. Maintien de la propreté et finition du véhicule. Continuité de l'éclairage et ambiance. Fluidité des mouvements de caméra autour du véhicule."
  },
  "technical_specifications": {
    "resolution": "4K (3840x2160) upscaled to 6K for maximum detail",
    "color_space": "Rec. 2020",
    "bit_depth": "10-bit minimum",
    "output_quality": "ProRes 422 HQ eq., maximum sharpness and detail.",
    "duration_seconds": 20
  }
}