{
  "shot": {
    "camera_system": "ARRI Alexa Mini LF",
    "primary_lens": "Zeiss Supreme Prime 25mm, T2.1",
    "composition": "Medium shot, niveau des yeux, légèrement plongé sur la table de brainstorming, mettant en valeur l'interaction de l'équipe.",
    "camera_motion": "Sequence 1 (0-8s): Smooth Steadicam tracking, un léger mouvement de 'push-in' (dolly in) de 8 secondes pour intensifier la dynamique du groupe.. Sequence 2 (8-12s): Smooth transition to wider establishing shot, then slow push-in to capture detail and emotion. Sequence 3 (12-20s): Final close-up with subtle dolly movement, ending on a confident, impactful frame.",
    "frame_rate": "24 fps",
    "aspect_ratio": "16:9"
  },
  "subject": {
    "identity": {
      "age": "28-35 ans",
      "gender": "Mixte (3 hommes, 3 femmes)",
      "ethnicity": "Diversifiée (caucasien, asiatique, afro-américain)"
    },
    "physical": {
      "height": "Moyenne",
      "posture": "Engagée, penchée en avant, gestuelle active"
    },
    "facial_features": {
      "face_shape": "Varié",
      "eyes": "Vifs, concentrés",
      "hair": "Coiffures modernes et soignées",
      "expression": "Enthousiaste, créative, souriante"
    },
    "wardrobe": {
      "style": "Smart Casual d'agence créative",
      "details": "Vêtements de marque contemporaine, couleurs vives et neutres, chemises ouvertes, blazers décontractés, baskets élégantes."
    }
  },
  "action": {
    "sequences": [
      {
        "timing": "0-8 seconds",
        "primary_motion": "Brainstorming dynamique et collaboratif. Les membres de l'équipe échangent des idées, pointent des éléments sur un tableau blanc ou une tablette, rient et écrivent rapidement.",
        "camera_follows": "Initial action with detailed tracking"
      },
      {
        "timing": "8-14 seconds",
        "primary_motion": "Building on the initial action, the subject demonstrates additional aspects and benefits. The movement becomes more fluid and confident, showcasing expertise and comfort.",
        "camera_follows": "Wider shot revealing more context, then pushing in for detail"
      },
      {
        "timing": "14-20 seconds",
        "primary_motion": "The subject concludes with a moment of satisfaction - a knowing smile, a final appreciative glance, or a confident gesture that conveys success and approval of the result.",
        "camera_follows": "Close-up on emotional response and final impactful moment"
      }
    ],
    "total_duration": "20 seconds"
  },
  "scene": {
    "location": "Open space moderne et lumineux d'une agence de marketing digital",
    "layout": {
      "width": "Grand espace ouvert",
      "flooring": "Béton ciré clair ou parquet en bois brut",
      "walls": "Murs blancs avec un mur d'accent en briques apparentes ou un tableau blanc rempli de notes colorées."
    },
    "time_of_day": "Milieu de matinée (10h30)",
    "environment": {
      "background": "Plantes d'intérieur, mobilier de bureau design (Eames, Herman Miller), écrans d'ordinateur affichant des graphiques colorés, tasses de café et bouteilles d'eau réutilisables sur la table.",
      "temporal_progression": "Environment remains consistent throughout the 20-second narrative. Background elements may subtly shift focus as camera moves, but spatial continuity is maintained for coherent storytelling."
    }
  },
  "cinematography": {
    "lighting": {
      "primary_source": "Lumière naturelle douce venant d'une grande baie vitrée latérale (Natural window light)",
      "quality": "Soft diffused, avec des ombres douces pour un look flatteur et énergique.",
      "color_temperature": "5600K (Lumière du jour neutre)",
      "key_to_fill_ratio": "2:1 (Contraste modéré pour un look 'agency' professionnel)",
      "evolution": "Lighting remains consistent throughout the 20-second sequence, maintaining the established mood. Subtle adjustments in intensity during the final 6 seconds to emphasize the emotional climax and create visual impact."
    },
    "color_grading": {
      "palette": "Couleurs vives et saturées (bleu, jaune, vert) pour l'énergie, contrastant avec des tons neutres pour le professionnalisme.",
      "tone": "Energetic, moderne et optimiste (similaire au style de films publicitaires pour start-ups technologiques)."
    }
  },
  "audio": {
    "ambient": "Bruit de fond léger d'un bureau créatif (clics de souris, frappe discrète, murmures de conversation lointaine).",
    "foley": "Sequence 1 (0-8s): Bruit de stylo sur papier, tapotements sur tablette, bruit de tasses de café posées.. Sequence 2: Additional environmental sounds, subtle interactions with objects, breathing, fabric movement. Sequence 3: Final satisfying sound (smile, exhale, object placement), ambient fade.",
    "music": "Musique de fond 'Corporate Energetic' (rythme électronique léger, mélodie inspirante, sans paroles). The score builds progressively over 20 seconds, starting subtly and crescendoing toward the final moment. Emotional peak at 14-18s, then resolving with a confident, memorable final chord at 20s."
  },
  "visual_rules": {
    "frame_purity": "without text overlays, logos unless branded, no subtitles, focus on human interaction and creative energy",
    "quality_requirements": {
      "no_artifacts": true,
      "no_morphing": true,
      "no_unnatural_motion": true
    },
    "realism": "Textures ultra-détaillées révélant la qualité premium des produits. Reflets environnementaux cohérents sur les surfaces brillantes. Éclairage trois points professionnel sculptant les formes. Détails macro visibles (grains, fibres, finitions).",
    "continuity": "Continuité des reflets environnementaux sur les surfaces. Maintien de la propreté et état des produits. Cohérence de l'éclairage ambiant et température de couleur. Fluidité des mouvements de caméra et transitions."
  },
  "technical_specifications": {
    "resolution": "4K (3840x2160)",
    "color_space": "Rec. 2020",
    "bit_depth": "10-bit",
    "output_quality": "ProRes 422 HQ eq.",
    "duration_seconds": 20
  }
}