{
  "shot": {
    "camera_system": "RED Komodo 6K",
    "primary_lens": "Zeiss Supreme Prime 35mm, T1.5",
    "composition": "Medium close-up, angle légèrement plongeant, la designer est centrée, l'écran du laptop est le point focal secondaire, règle des tiers appliquée.",
    "camera_motion": "Sequence 1 (0-8s): Smooth Steadicam tracking, mouvement latéral très lent (slider effect) de gauche à droite, suivant le mouvement de la main sur le trackpad.. Sequence 2 (8-12s): Smooth transition to wider establishing shot, then slow push-in to capture detail and emotion. Sequence 3 (12-20s): Final close-up with subtle dolly movement, ending on a confident, impactful frame.",
    "frame_rate": "24 fps",
    "aspect_ratio": "16:9"
  },
  "subject": {
    "identity": {
      "age": "27 ans",
      "gender": "femme",
      "ethnicity": "Caucasienne"
    },
    "physical": {
      "height": "170 cm",
      "posture": "Assise, légèrement penchée en avant, concentrée, posture ergonomique et professionnelle."
    },
    "facial_features": {
      "face_shape": "Ovale",
      "eyes": "Bleus, regard fixé sur l'écran",
      "hair": "Châtain clair, coiffure 'messy bun' professionnelle",
      "expression": "Concentrée, professionnelle, légère satisfaction."
    },
    "wardrobe": {
      "top": "Pull en maille fine gris anthracite",
      "bottom": "Pantalon de tailleur noir coupe droite",
      "accessories": "Montre connectée minimaliste en métal brossé, bague fine en argent."
    }
  },
  "action": {
    "sequences": [
      {
        "timing": "0-8 seconds",
        "primary_motion": "La designer interagit avec fluidité et rapidité sur le laptop ultrabook (clavier et trackpad) pour finaliser un design graphique complexe (ex: retouche photo haute résolution ou modélisation 3D).",
        "camera_follows": "Initial action with detailed tracking"
      },
      {
        "timing": "8-14 seconds",
        "primary_motion": "Building on the initial action, the subject demonstrates additional aspects and benefits. The movement becomes more fluid and confident, showcasing expertise and comfort.",
        "camera_follows": "Wider shot revealing more context, then pushing in for detail"
      },
      {
        "timing": "14-20 seconds",
        "primary_motion": "The subject concludes with a moment of satisfaction - a knowing smile, a final appreciative glance, or a confident gesture that conveys success and approval of the result.",
        "camera_follows": "Close-up on emotional response and final impactful moment"
      }
    ],
    "total_duration": "20 seconds"
  },
  "scene": {
    "location": "Studio de design créatif moderne et lumineux, ambiance 'Tech Creative'.",
    "layout": {
      "width": "Bureau en bois clair minimaliste, grand écran externe 4K à côté du laptop, plantes d'intérieur (succulentes), murs blancs avec quelques esquisses encadrées.",
      "flooring": "Béton ciré gris clair.",
      "walls": "Murs blancs immaculés, éclairage indirect par LED intégré."
    },
    "time_of_day": "Milieu de matinée (10h30).",
    "environment": {
      "background": "Légèrement flou (bokeh) pour isoler le sujet et le produit, mais laissant deviner l'environnement de travail haut de gamme.",
      "temporal_progression": "Environment remains consistent throughout the 20-second narrative. Background elements may subtly shift focus as camera moves, but spatial continuity is maintained for coherent storytelling."
    }
  },
  "cinematography": {
    "lighting": {
      "primary_source": "Lumière naturelle douce provenant d'une grande fenêtre (soft window light) à gauche du sujet.",
      "quality": "Soft diffused, sans ombres dures.",
      "color_temperature": "5600K (Daylight), très légèrement réchauffée par la lumière d'appoint.",
      "key_to_fill_ratio": "2:1 (légèrement contrasté pour un look professionnel, mais doux).",
      "evolution": "Lighting remains consistent throughout the 20-second sequence, maintaining the established mood. Subtle adjustments in intensity during the final 6 seconds to emphasize the emotional climax and create visual impact."
    },
    "color_grading": {
      "palette": "Neutre et moderne (gris, blanc, bois clair, touches de vert des plantes).",
      "tone": "Clean, professionnel, légèrement désaturé pour un look 'tech' sophistiqué."
    }
  },
  "audio": {
    "ambient": "Bruit de fond très faible d'un studio de travail (clic de souris discret, ventilation du laptop à peine audible).",
    "foley": "Sequence 1 (0-8s): Sons de frappe de clavier précis et nets, son de 'clic' du trackpad.. Sequence 2: Additional environmental sounds, subtle interactions with objects, breathing, fabric movement. Sequence 3: Final satisfying sound (smile, exhale, object placement), ambient fade.",
    "music": "Musique de fond minimaliste et inspirante, style 'lo-fi beats' ou 'ambient electronic' à faible volume. The score builds progressively over 20 seconds, starting subtly and crescendoing toward the final moment. Emotional peak at 14-18s, then resolving with a confident, memorable final chord at 20s."
  },
  "visual_rules": {
    "frame_purity": "without text overlays, logos unless branded (laptop logo is visible), no subtitles, focus on hyperrealism.",
    "quality_requirements": {
      "no_artifacts": true,
      "no_morphing": true,
      "no_unnatural_motion": true
    },
    "realism": "Rendu photoréaliste des textures avec micro-détails visibles. Éclairage studio professionnel créant des reflets et ombres naturels. Physique réaliste des matériaux (métaux, tissus, liquides). Profondeur de champ cinématographique isolant le sujet principal.",
    "continuity": "Cohérence absolue de l'éclairage et des ombres portées entre tous les plans. Transitions fluides et naturelles entre les angles de caméra. Maintien constant de la température de couleur et balance des blancs. Continuité des éléments visuels et props dans le cadre."
  },
  "technical_specifications": {
    "resolution": "4K (3840x2160)",
    "color_space": "Rec. 2020",
    "bit_depth": "10-bit",
    "output_quality": "ProRes 422 HQ eq.",
    "duration_seconds": 20
  }
}