{
  "shot": {
    "camera_system": "ARRI Alexa Mini LF",
    "primary_lens": "Zeiss Supreme Prime 50mm T1.5, f/2.0",
    "composition": "Plan moyen (Medium Shot), centré sur le visage et les mains, règle des tiers respectée",
    "camera_motion": "Sequence 1 (0-4s): Gimbal smooth motion, léger travelling avant (dolly in) de 0.5m sur 4 secondes. Sequence 2 (4-12s): Smooth transition to wider establishing shot, then slow push-in to capture detail and emotion. Sequence 3 (12-20s): Final close-up with subtle dolly movement, ending on a confident, impactful frame.",
    "frame_rate": "24 fps",
    "aspect_ratio": "9:16"
  },
  "subject": {
    "identity": {
      "age": "35 ans",
      "gender": "Femme",
      "ethnicity": "Caucasienne, peau claire et saine"
    },
    "physical": {
      "height": "170cm",
      "posture": "Assise, légèrement penchée vers l'avant, concentrée et calme"
    },
    "facial_features": {
      "face_shape": "Ovale",
      "eyes": "Verts, regard doux et serein",
      "hair": "Châtain clair, attaché en chignon lâche, quelques mèches encadrant le visage",
      "expression": "Sourire subtil, expression de bien-être et de satisfaction"
    },
    "wardrobe": {
      "top": "Peignoir en lin blanc cassé, texture douce et naturelle",
      "jewelry": "Aucun bijou, minimalisme"
    }
  },
  "action": {
    "sequences": [
      {
        "timing": "0-4 seconds",
        "primary_motion": "Application délicate de la crème hydratante sur la joue droite, mouvement lent et sensoriel des doigts",
        "camera_follows": "Close tracking of the initial action"
      },
      {
        "timing": "4-12 seconds",
        "primary_motion": "The subject continues the action with increased confidence and detail. Application délicate de la crème hydratante sur la joue droite, mouvement lent et sensoriel des doigts evolves into a more complete demonstration, showing mastery and precision.",
        "camera_follows": "Medium shot capturing the full context and environment interaction"
      },
      {
        "timing": "12-20 seconds",
        "primary_motion": "The subject completes the action with a satisfied expression, looks at the result with approval, and shows a subtle smile of accomplishment. Final moment captures the positive outcome.",
        "camera_follows": "Close-up on facial expression and final result, ending with a confident pose"
      }
    ],
    "total_duration": "20 seconds"
  },
  "scene": {
    "location": "Salle de bain moderne et minimaliste, ambiance spa",
    "layout": {
      "width": "Espace bien éclairé, comptoir en bois clair, lavabo en céramique blanche",
      "flooring": "Carrelage grand format couleur pierre naturelle",
      "walls": "Murs blancs texturés, étagères en bois avec plantes vertes (fougère, eucalyptus)"
    },
    "time_of_day": "Matin (9h00), lumière douce et diffuse",
    "environment": {
      "background": "Flou artistique (bokeh) sur des flacons de produits de soin en verre ambré, un miroir rond, et une serviette en coton bio",
      "temporal_progression": "Environment remains consistent throughout the 20-second narrative. Background elements may subtly shift focus as camera moves, but spatial continuity is maintained for coherent storytelling."
    }
  },
  "cinematography": {
    "lighting": {
      "primary_source": "Lumière naturelle douce provenant d'une grande fenêtre latérale (key light)",
      "quality": "Soft diffused, utilisation d'un grand softbox virtuel pour adoucir les ombres",
      "color_temperature": "5600K (Daylight), légèrement réchauffé à 5800K pour un ton 'wellness'",
      "key_to_fill_ratio": "2:1, ombres douces et subtiles",
      "evolution": "Lighting remains consistent throughout the 20-second sequence, maintaining the established mood. Subtle adjustments in intensity during the final 6 seconds to emphasize the emotional climax and create visual impact."
    },
    "color_grading": {
      "palette": "Tons neutres, verts doux, blancs cassés et teintes de peau chaudes",
      "tone": "Naturel, frais, lumineux et apaisant (Natural Beauty/Lifestyle)"
    }
  },
  "audio": {
    "ambient": "Silence, léger bruit de fond d'eau qui coule doucement (fontaine d'intérieur ou robinet discret)",
    "foley": "Sequence 1 (0-4s): Bruit subtil de la crème prélevée du pot, léger frottement des doigts sur la peau. Sequence 2: Additional environmental sounds, subtle interactions with objects, breathing, fabric movement. Sequence 3: Final satisfying sound (smile, exhale, object placement), ambient fade.",
    "music": "Musique d'ambiance minimaliste et relaxante, piano doux et nappes de synthé aériennes The score builds progressively over 20 seconds, starting subtly and crescendoing toward the final moment. Emotional peak at 14-18s, then resolving with a confident, memorable final chord at 20s.",
    "dialogue": "Aucun"
  },
  "visual_rules": {
    "frame_purity": "without text overlays, logos unless branded, no subtitles, hyperrealistic quality",
    "quality_requirements": {
      "no_artifacts": true,
      "no_morphing": true,
      "no_unnatural_motion": true,
      "photorealistic_skin_texture": true
    },
    "realism": "Anatomie et proportions humaines précises avec expressions faciales authentiques. Détails de peau réalistes (pores, texture naturelle, micro-imperfections). Éclairage doux et flatteur simulant la lumière naturelle. Mouvements corporels fluides et biomécaniquement corrects.",
    "continuity": "Progression logique et crédible des actions et mouvements. Cohérence de la direction et qualité de lumière tout au long de la séquence. Maintien des tons de peau, maquillage et coiffure. Fluidité des expressions faciales et langage corporel."
  },
  "technical_specifications": {
    "resolution": "4K (3840x2160)",
    "color_space": "Rec. 2020",
    "bit_depth": "10-bit",
    "output_quality": "ProRes 422 HQ eq.",
    "duration_seconds": 20
  }
}