{
  "shot": {
    "camera_system": "ARRI Alexa Mini LF",
    "primary_lens": "Zeiss Supreme Prime 35mm T1.5",
    "composition": "Medium close-up, rule of thirds, subject slightly off-center, soft background bokeh (shallow depth of field).",
    "camera_motion": "Sequence 1 (0-8s): Slow, smooth 2-second dolly-in, then static locked-off for the remaining 6 seconds.. Sequence 2 (8-12s): Smooth transition to wider establishing shot, then slow push-in to capture detail and emotion. Sequence 3 (12-20s): Final close-up with subtle dolly movement, ending on a confident, impactful frame.",
    "frame_rate": "24 fps",
    "aspect_ratio": "16:9"
  },
  "subject": {
    "identity": {
      "age": "42 years old",
      "gender": "female",
      "ethnicity": "Caucasian, professional and trustworthy appearance"
    },
    "physical": {
      "height": "Average height",
      "posture": "Relaxed, attentive, leaning slightly towards the patient (out of frame)"
    },
    "facial_features": {
      "face_shape": "Oval",
      "eyes": "Warm, focused, making reassuring eye contact",
      "hair": "Dark brown, neatly tied back in a professional bun",
      "expression": "Gentle, confident, and reassuring smile"
    },
    "wardrobe": {
      "top": "Clean, modern white dental coat with a subtle clinic logo on the chest pocket",
      "accessories": "Minimalist silver watch, no visible jewelry"
    }
  },
  "action": {
    "sequences": [
      {
        "timing": "0-8 seconds",
        "primary_motion": "The dentist gently places a hand on the patient's shoulder (out of frame) while maintaining eye contact and speaking softly (implied).",
        "camera_follows": "Initial action with detailed tracking"
      },
      {
        "timing": "8-14 seconds",
        "primary_motion": "Building on the initial action, the subject demonstrates additional aspects and benefits. The movement becomes more fluid and confident, showcasing expertise and comfort.",
        "camera_follows": "Wider shot revealing more context, then pushing in for detail"
      },
      {
        "timing": "14-20 seconds",
        "primary_motion": "The subject concludes with a moment of satisfaction - a knowing smile, a final appreciative glance, or a confident gesture that conveys success and approval of the result.",
        "camera_follows": "Close-up on emotional response and final impactful moment"
      }
    ],
    "total_duration": "20 seconds"
  },
  "scene": {
    "location": "Modern, high-tech dental consultation room",
    "layout": {
      "width": "Spacious and clean, minimalist design",
      "flooring": "Light grey polished concrete or wood-look tile",
      "walls": "One accent wall in a calming, muted blue/green, others white"
    },
    "time_of_day": "Mid-morning",
    "environment": {
      "background": "Blurred background showing a high-end dental chair, a large monitor displaying a clean graphic (not text), and a few organized, sleek medical instruments.",
      "temporal_progression": "Environment remains consistent throughout the 20-second narrative. Background elements may subtly shift focus as camera moves, but spatial continuity is maintained for coherent storytelling."
    }
  },
  "cinematography": {
    "lighting": {
      "primary_source": "Large, soft window light (simulated by a large softbox) from the side/front",
      "quality": "Soft, diffused, high-key lighting to emphasize cleanliness and trust",
      "color_temperature": "5600K (Daylight) for a clean, clinical look",
      "key_to_fill_ratio": "2:1 (low contrast for a reassuring mood)",
      "evolution": "Lighting remains consistent throughout the 20-second sequence, maintaining the established mood. Subtle adjustments in intensity during the final 6 seconds to emphasize the emotional climax and create visual impact."
    },
    "color_grading": {
      "palette": "Muted, cool tones (whites, light blues, greys) with a slight warmth on the subject's skin tone.",
      "tone": "Clean, professional, and calming. High saturation on whites, low overall contrast."
    }
  },
  "audio": {
    "ambient": "Very low-level, subtle hum of modern medical equipment, distant soft traffic noise.",
    "foley": "Sequence 1 (0-8s): Soft rustle of the dental coat, gentle, reassuring hand placement sound.. Sequence 2: Additional environmental sounds, subtle interactions with objects, breathing, fabric movement. Sequence 3: Final satisfying sound (smile, exhale, object placement), ambient fade.",
    "music": "None, or extremely subtle, non-intrusive, calming instrumental track (e.g., soft piano or ambient pads). The score builds progressively over 20 seconds, starting subtly and crescendoing toward the final moment. Emotional peak at 14-18s, then resolving with a confident, memorable final chord at 20s."
  },
  "visual_rules": {
    "frame_purity": "without text overlays, logos unless branded, no subtitles, no visible brand names on equipment.",
    "quality_requirements": {
      "no_artifacts": true,
      "no_morphing": true,
      "no_unnatural_motion": true
    },
    "realism": "Rendu hyperréaliste des produits avec finitions premium visibles. Éclairage commercial mettant en valeur les caractéristiques clés. Textures matérielles précises (bois, métal, verre, plastique). Profondeur de champ sélective dirigeant l'attention.",
    "continuity": "Cohérence de la présentation et mise en scène des produits. Maintien de l'ambiance retail et identité de marque. Continuité de l'éclairage commercial et signalétique. Fluidité du parcours d'achat et découverte."
  },
  "technical_specifications": {
    "resolution": "4K (3840x2160)",
    "color_space": "Rec. 2020",
    "bit_depth": "10-bit",
    "output_quality": "ProRes 422 HQ eq.",
    "duration_seconds": 20
  }
}