{
  "shot": {
    "camera_system": "ARRI Alexa Mini LF",
    "primary_lens": "Zeiss Supreme Prime 35mm, T1.5",
    "composition": "Medium close-up, règle des tiers, sujet légèrement décentré, profondeur de champ très faible (bokeh doux) sur l'arrière-plan du bureau.",
    "camera_motion": "Sequence 1 (0-8s): Smooth Steadicam tracking, léger mouvement de 'push-in' (dolly in) subtil et lent vers le sujet pour accentuer la concentration.. Sequence 2 (8-12s): Smooth transition to wider establishing shot, then slow push-in to capture detail and emotion. Sequence 3 (12-20s): Final close-up with subtle dolly movement, ending on a confident, impactful frame.",
    "frame_rate": "24 fps (cinématique standard)",
    "aspect_ratio": "16:9"
  },
  "subject": {
    "identity": {
      "age": "42 ans",
      "gender": "homme",
      "ethnicity": "Caucasien, teint clair"
    },
    "physical": {
      "height": "180 cm",
      "posture": "Assis, droit, confiant, légèrement penché vers l'écran de l'ordinateur portable."
    },
    "facial_features": {
      "face_shape": "Ovale, mâchoire définie",
      "eyes": "Bleus, regard concentré et professionnel",
      "hair": "Court, soigné, poivre et sel",
      "expression": "Sérieux, concentré, dégageant de l'autorité et de la satisfaction."
    },
    "wardrobe": {
      "suit": "Costume trois-pièces bleu marine sur mesure, chemise blanche impeccable, cravate en soie bordeaux discrète.",
      "accessories": "Montre de luxe minimaliste en acier, alliance fine."
    }
  },
  "action": {
    "sequences": [
      {
        "timing": "0-8 seconds",
        "primary_motion": "Le manager interagit avec un dashboard CRM sur un écran d'ordinateur portable ultra-fin. Il fait un geste précis et confiant du doigt pour cliquer sur un élément clé du dashboard, puis hoche légèrement la tête en signe d'approbation.",
        "camera_follows": "Initial action with detailed tracking"
      },
      {
        "timing": "8-14 seconds",
        "primary_motion": "Building on the initial action, the subject demonstrates additional aspects and benefits. The movement becomes more fluid and confident, showcasing expertise and comfort.",
        "camera_follows": "Wider shot revealing more context, then pushing in for detail"
      },
      {
        "timing": "14-20 seconds",
        "primary_motion": "The subject concludes with a moment of satisfaction - a knowing smile, a final appreciative glance, or a confident gesture that conveys success and approval of the result.",
        "camera_follows": "Close-up on emotional response and final impactful moment"
      }
    ],
    "total_duration": "20 seconds"
  },
  "scene": {
    "location": "Bureau de direction moderne et minimaliste, situé dans un gratte-ciel avec vue panoramique sur une ville dynamique.",
    "layout": {
      "width": "Spacieux, avec un grand bureau en bois sombre et épuré, un fauteuil de direction en cuir noir, et une étagère minimaliste avec quelques livres et un objet d'art abstrait.",
      "flooring": "Parquet en bois foncé poli.",
      "walls": "Un mur vitré (vue ville) et un mur d'accent gris anthracite."
    },
    "time_of_day": "Fin d'après-midi (16h00), lumière douce et dorée filtrant par la fenêtre.",
    "environment": {
      "background": "Vue urbaine floue (bokeh) à travers la fenêtre, un café chaud dans une tasse en céramique blanche posée sur le bureau, un ordinateur portable affichant un dashboard CRM aux couleurs claires et modernes.",
      "temporal_progression": "Environment remains consistent throughout the 20-second narrative. Background elements may subtly shift focus as camera moves, but spatial continuity is maintained for coherent storytelling."
    }
  },
  "cinematography": {
    "lighting": {
      "primary_source": "Lumière naturelle de la fenêtre (Key Light) venant de la gauche du sujet.",
      "quality": "Soft diffused (softbox) pour un éclairage flatteur et professionnel, sans ombres dures.",
      "color_temperature": "5000K (lumière du jour neutre) avec une légère chaleur (3800K) pour l'ambiance intérieure.",
      "key_to_fill_ratio": "3:1 (contraste modéré, aspect professionnel et haut de gamme).",
      "evolution": "Lighting remains consistent throughout the 20-second sequence, maintaining the established mood. Subtle adjustments in intensity during the final 6 seconds to emphasize the emotional climax and create visual impact."
    },
    "color_grading": {
      "palette": "Dominance de tons bleus (logiciel) et gris (bureau), avec des accents chauds (bois, lumière du soleil).",
      "tone": "Corporate professionnel, couleurs saturées mais naturelles, contraste élevé pour un look 'enterprise software' haut de gamme."
    }
  },
  "audio": {
    "ambient": "Bruit de fond très faible d'une ville lointaine, climatisation silencieuse.",
    "foley": "Sequence 1 (0-8s): Bruit subtil du doigt touchant l'écran tactile, léger froissement de tissu du costume.. Sequence 2: Additional environmental sounds, subtle interactions with objects, breathing, fabric movement. Sequence 3: Final satisfying sound (smile, exhale, object placement), ambient fade.",
    "music": "Musique d'ambiance minimaliste et optimiste, style 'corporate success', tempo modéré (ex: piano et cordes synthétiques). The score builds progressively over 20 seconds, starting subtly and crescendoing toward the final moment. Emotional peak at 14-18s, then resolving with a confident, memorable final chord at 20s."
  },
  "visual_rules": {
    "frame_purity": "without text overlays, logos unless branded (clean dashboard UI), no subtitles, hyperrealistic rendering.",
    "quality_requirements": {
      "no_artifacts": true,
      "no_morphing": true,
      "no_unnatural_motion": true
    },
    "realism": "Rendu photoréaliste des tissus avec draping et plis naturels. Textures matérielles précises (coton, soie, denim, cuir). Éclairage mode valorisant les coupes et silhouettes. Mouvements fluides et tombé naturel des vêtements.",
    "continuity": "Cohérence du style, palette de couleurs et esthétique mode. Maintien de l'ajustement et tombé des vêtements. Continuité de l'éclairage mode et ambiance. Fluidité des transitions entre les looks et poses."
  },
  "technical_specifications": {
    "resolution": "4K (3840x2160)",
    "color_space": "Rec. 2020",
    "bit_depth": "10-bit",
    "output_quality": "ProRes 422 HQ eq.",
    "duration_seconds": 20
  }
}