{
  "shot": {
    "camera_system": "ARRI Alexa Mini LF",
    "primary_lens": "Zeiss Supreme Prime 50mm, T1.5",
    "composition": "Medium Close-Up (MCU) du musicien, mettant l'accent sur les écouteurs et l'expression faciale concentrée. Règle des tiers pour le placement du sujet.",
    "camera_motion": "Sequence 1 (0-4s): Smooth Steadicam tracking, très lent, se déplaçant légèrement de gauche à droite (20cm) pour révéler subtilement l'environnement du studio.. Sequence 2 (4-12s): Smooth transition to wider establishing shot, then slow push-in to capture detail and emotion. Sequence 3 (12-20s): Final close-up with subtle dolly movement, ending on a confident, impactful frame.",
    "frame_rate": "24 fps (cinématique standard)",
    "aspect_ratio": "9:16"
  },
  "subject": {
    "identity": {
      "age": "29 ans",
      "gender": "Homme",
      "ethnicity": "Caucasien, barbe de trois jours soignée"
    },
    "physical": {
      "height": "180 cm",
      "posture": "Assis, légèrement penché en avant, posture d'écoute critique et concentrée"
    },
    "facial_features": {
      "face_shape": "Ovale",
      "eyes": "Marrons, regard concentré, légèrement plissé",
      "hair": "Cheveux courts, coiffure moderne",
      "expression": "Concentration intense, professionnalisme, satisfaction subtile"
    },
    "wardrobe": {
      "top": "T-shirt noir de haute qualité (coton épais) ou pull fin en cachemire gris foncé",
      "accessories": "Montre minimaliste en acier brossé, écouteurs wireless premium (produit mis en avant) sur les oreilles"
    }
  },
  "action": {
    "sequences": [
      {
        "timing": "0-4 seconds",
        "primary_motion": "Le musicien hoche très légèrement la tête au rythme de la musique, puis ferme les yeux pendant une fraction de seconde, signe d'une immersion totale et d'une qualité audio exceptionnelle.",
        "camera_follows": "Close tracking of the initial action"
      },
      {
        "timing": "4-12 seconds",
        "primary_motion": "The subject continues the action with increased confidence and detail. Le musicien hoche très légèrement la tête au rythme de la musique, puis ferme les yeux pendant une fraction de seconde, signe d'une immersion totale et d'une qualité audio exceptionnelle evolves into a more complete demonstration, showing mastery and precision.",
        "camera_follows": "Medium shot capturing the full context and environment interaction"
      },
      {
        "timing": "12-20 seconds",
        "primary_motion": "The subject completes the action with a satisfied expression, looks at the result with approval, and shows a subtle smile of accomplishment. Final moment captures the positive outcome.",
        "camera_follows": "Close-up on facial expression and final result, ending with a confident pose"
      }
    ],
    "total_duration": "20 seconds"
  },
  "scene": {
    "location": "Studio d'enregistrement professionnel haut de gamme (acoustiquement traité)",
    "layout": {
      "width": "Espace de travail ordonné, console de mixage analogique visible en arrière-plan flou (bokeh)",
      "flooring": "Plancher de bois franc sombre ou tapis acoustique de couleur neutre",
      "walls": "Panneaux acoustiques en bois clair et gris anthracite, éclairage d'ambiance subtil"
    },
    "time_of_day": "Fin d'après-midi (lumière douce)",
    "environment": {
      "background": "Moniteurs de studio (enceintes) haut de gamme, écran d'ordinateur affichant une DAW (Digital Audio Workstation) avec des formes d'onde complexes, instruments de musique vintage en arrière-plan",
      "temporal_progression": "Environment remains consistent throughout the 20-second narrative. Background elements may subtly shift focus as camera moves, but spatial continuity is maintained for coherent storytelling."
    }
  },
  "cinematography": {
    "lighting": {
      "primary_source": "Lumière douce de fenêtre (simulée) venant de la gauche (key light)",
      "quality": "Soft diffused (softbox géante), créant des ombres douces et flatteuses",
      "color_temperature": "3200K (Tungstène chaud) pour une ambiance créative et intime",
      "key_to_fill_ratio": "4:1 (éclairage dramatique mais doux, typique des studios)",
      "evolution": "Lighting remains consistent throughout the 20-second sequence, maintaining the established mood. Subtle adjustments in intensity during the final 6 seconds to emphasize the emotional climax and create visual impact."
    },
    "color_grading": {
      "palette": "Tons chauds (bois, ambre) et froids (gris anthracite, métal brossé) contrastés",
      "tone": "Cinématique, riche en contraste, légèrement désaturé pour un look professionnel et sérieux"
    }
  },
  "audio": {
    "ambient": "Silence de studio parfait, très faible bruit de ventilation d'équipement professionnel",
    "foley": "Sequence 1 (0-4s): Très léger frottement du doigt sur le bouton de volume de la console, son 'click' subtil et satisfaisant de l'ajustement du volume. Sequence 2: Additional environmental sounds, subtle interactions with objects, breathing, fabric movement. Sequence 3: Final satisfying sound (smile, exhale, object placement), ambient fade.",
    "music": "Un extrait de 2 secondes d'une piste instrumentale complexe et riche en détails (Jazz Fusion ou Electronica minimaliste) qui s'arrête brusquement à la fin du clip, laissant place au silence. The score builds progressively over 20 seconds, starting subtly and crescendoing toward the final moment. Emotional peak at 14-18s, then resolving with a confident, memorable final chord at 20s."
  },
  "visual_rules": {
    "frame_purity": "without text overlays, logos unless branded (écouteurs), no subtitles, no visible brand names on other equipment",
    "quality_requirements": {
      "no_artifacts": true,
      "no_morphing": true,
      "no_unnatural_motion": true
    },
    "realism": "Physique réaliste des liquides et aliments (versement, vapeur, condensation). Couleurs vibrantes et appétissantes sous éclairage optimal. Détails macro des textures alimentaires (brillance, humidité). Composition visuelle professionnelle de food styling.",
    "continuity": "Cohérence de la vapeur, condensation et état frais des aliments. Maintien des couleurs vibrantes et textures appétissantes. Continuité de l'éclairage food styling. Fluidité des mouvements de préparation et service."
  },
  "technical_specifications": {
    "resolution": "4K (3840x2160)",
    "color_space": "Rec. 2020",
    "bit_depth": "10-bit",
    "output_quality": "ProRes 422 HQ eq.",
    "duration_seconds": 20
  }
}