{
  "shot": {
    "camera_system": "ARRI Alexa Mini LF",
    "primary_lens": "Zeiss Supreme Prime 85mm T1.5, wide open (T1.5) for shallow depth of field",
    "composition": "Medium Close-Up (MCU) on the woman's face and hands, rule of thirds applied, soft focus background (bokeh)",
    "camera_motion": "Sequence 1 (0-4s): Slow, smooth push-in (dolly in) of 0.5 meters, starting from the serum bottle to the woman's eyes, executed with a Gimbal. Sequence 2 (4-12s): Smooth transition to wider establishing shot, then slow push-in to capture detail and emotion. Sequence 3 (12-20s): Final close-up with subtle dolly movement, ending on a confident, impactful frame.",
    "frame_rate": "24 fps (cinematic standard)",
    "aspect_ratio": "9:16 (vertical for social media)"
  },
  "subject": {
    "identity": {
      "age": "42 years old",
      "gender": "Female",
      "ethnicity": "Mediterranean/Caucasian, flawless skin texture"
    },
    "physical": {
      "height": "Average",
      "posture": "Elegant, relaxed, head slightly tilted"
    },
    "facial_features": {
      "face_shape": "Oval, high cheekbones",
      "eyes": "Warm brown, focused, calm expression",
      "hair": "Dark, sleek, styled in a low, elegant bun",
      "expression": "Serene, confident, subtle look of satisfaction"
    },
    "wardrobe": {
      "upper_body": "Silk robe, champagne color, subtle sheen",
      "jewelry": "Minimalist gold stud earrings"
    }
  },
  "action": {
    "sequences": [
      {
        "timing": "0-4 seconds",
        "primary_motion": "The woman gently applies a single drop of the clear, viscous serum to her right cheek with the tip of her ring finger, followed by a slow, deliberate upward massage motion.",
        "camera_follows": "Close tracking of the initial action"
      },
      {
        "timing": "4-12 seconds",
        "primary_motion": "The subject continues the action with increased confidence and detail. The woman gently applies a single drop of the clear, viscous serum to her right cheek with the tip of her ring finger, followed by a slow, deliberate upward massage motion evolves into a more complete demonstration, showing mastery and precision.",
        "camera_follows": "Medium shot capturing the full context and environment interaction"
      },
      {
        "timing": "12-20 seconds",
        "primary_motion": "The subject completes the action with a satisfied expression, looks at the result with approval, and shows a subtle smile of accomplishment. Final moment captures the positive outcome.",
        "camera_follows": "Close-up on facial expression and final result, ending with a confident pose"
      }
    ],
    "total_duration": "20 seconds"
  },
  "scene": {
    "location": "Ultra-luxurious, minimalist bathroom, high-end marble countertop and wall panels (Calacatta Gold)",
    "layout": {
      "width": "Spacious, high ceiling",
      "flooring": "Polished light grey marble",
      "walls": "White marble with gold vein accents, large, backlit vanity mirror",
      "props": "A single, elegantly designed glass bottle of the serum, a small, white orchid in a gold vase"
    },
    "time_of_day": "Early morning (7:00 AM)",
    "environment": {
      "background": "Softly blurred reflection of the marble and orchid in the mirror, suggesting depth and luxury",
      "atmosphere": "Immaculate, quiet, and exclusive",
      "temporal_progression": "Environment remains consistent throughout the 20-second narrative. Background elements may subtly shift focus as camera moves, but spatial continuity is maintained for coherent storytelling."
    }
  },
  "cinematography": {
    "lighting": {
      "primary_source": "Soft, diffused natural window light (simulated by a large softbox) coming from the left",
      "quality": "Extremely soft and flattering, minimizing shadows (high key)",
      "color_temperature": "5600K (Daylight) with a slight warmth added (500K shift) for a 'healthy glow'",
      "key_to_fill_ratio": "2:1 (very low contrast, luxurious feel)",
      "evolution": "Lighting remains consistent throughout the 20-second sequence, maintaining the established mood. Subtle adjustments in intensity during the final 6 seconds to emphasize the emotional climax and create visual impact."
    },
    "color_grading": {
      "palette": "Monochromatic with gold and champagne accents (white, grey, gold)",
      "tone": "Clean, sophisticated, high-contrast in texture but low-contrast in light, 'Elegant Luxe' style"
    }
  },
  "audio": {
    "ambient": "Extremely subtle, distant city hum, barely audible",
    "foley": "Sequence 1 (0-4s): The soft, almost silent *tap* of the serum bottle being set down, a gentle *swish* of the silk robe, the delicate *pat* of the serum on the skin. Sequence 2: Additional environmental sounds, subtle interactions with objects, breathing, fabric movement. Sequence 3: Final satisfying sound (smile, exhale, object placement), ambient fade.",
    "music": "None, or a very short, high-end, non-intrusive ambient sound design (e.g., a single, sustained piano chord with reverb) The score builds progressively over 20 seconds, starting subtly and crescendoing toward the final moment. Emotional peak at 14-18s, then resolving with a confident, memorable final chord at 20s."
  },
  "visual_rules": {
    "frame_purity": "No text overlays, no logos (except the subtle, high-end logo on the serum bottle), no subtitles, no visible brand names on props",
    "quality_requirements": {
      "no_artifacts": true,
      "no_morphing": true,
      "no_unnatural_motion": true,
      "hyperrealism": "Photorealistic detail, every pore and skin texture rendered with extreme fidelity"
    },
    "realism": "Anatomie et proportions humaines précises avec expressions faciales authentiques. Détails de peau réalistes (pores, texture naturelle, micro-imperfections). Éclairage doux et flatteur simulant la lumière naturelle. Mouvements corporels fluides et biomécaniquement corrects.",
    "continuity": "Progression logique et crédible des actions et mouvements. Cohérence de la direction et qualité de lumière tout au long de la séquence. Maintien des tons de peau, maquillage et coiffure. Fluidité des expressions faciales et langage corporel."
  },
  "technical_specifications": {
    "resolution": "4K (3840x2160)",
    "color_space": "Rec. 2020",
    "bit_depth": "10-bit",
    "output_quality": "ProRes 422 HQ equivalent",
    "duration_seconds": 20
  }
}