{
  "shot": {
    "camera_system": "ARRI Alexa Mini LF",
    "primary_lens": "Zeiss Supreme Prime 35mm T1.5, focus sur le véhicule",
    "composition": "Low-angle tracking shot, le SUV remplissant le tiers inférieur du cadre, ligne d'horizon côtière sur le tiers supérieur",
    "camera_motion": "Sequence 1 (0-12s): Smooth Steadicam tracking, suivant le SUV de l'arrière-trois-quarts, avec un léger mouvement latéral pour accentuer la vitesse. Sequence 2 (12-14s): Smooth transition to wider establishing shot, then slow push-in to capture detail and emotion. Sequence 3 (14-20s): Final close-up with subtle dolly movement, ending on a confident, impactful frame.",
    "frame_rate": "24 fps (standard cinématique)",
    "aspect_ratio": "2.39:1 (Cinemascope)"
  },
  "subject": {
    "identity": {
      "age": "35 ans",
      "gender": "Homme",
      "ethnicity": "Caucasien ou Méditerranéen",
      "description": "Conducteur confiant et élégant"
    },
    "physical": {
      "height": "180 cm",
      "posture": "Détendu mais concentré, mains à '10h10' sur le volant"
    },
    "facial_features": {
      "face_shape": "Ovale",
      "eyes": "Regard focalisé sur la route",
      "hair": "Court, soigné",
      "expression": "Sourire subtil de satisfaction"
    },
    "wardrobe": {
      "jacket": "Blouson en cuir noir ou gris anthracite, coupe moderne",
      "shirt": "T-shirt col rond blanc cassé ou gris clair",
      "accessories": "Montre minimaliste en acier brossé"
    },
    "vehicle": {
      "model": "SUV électrique premium (design futuriste, couleur bleu nuit métallisé)",
      "condition": "Impeccable, carrosserie brillante"
    }
  },
  "action": {
    "sequences": [
      {
        "timing": "0-12 seconds",
        "primary_motion": "Conduite dynamique et fluide du SUV sur une route sinueuse",
        "camera_follows": "Extended tracking of the primary action"
      },
      {
        "timing": "12-20 seconds",
        "primary_motion": "The subject takes a moment to appreciate the result, showing visible satisfaction. A final confident look, subtle smile, or gesture of approval completes the narrative arc with emotional resonance.",
        "camera_follows": "Close-up on facial expression transitioning to final hero shot"
      }
    ],
    "total_duration": "20 seconds"
  },
  "scene": {
    "location": "Route côtière panoramique (ex: Big Sur, Californie ou Côte Amalfitaine, Italie)",
    "layout": {
      "road_surface": "Asphalte noir impeccable, marquages blancs nets",
      "side_elements": "Barrière de sécurité en bois ou en pierre naturelle, falaises abruptes à droite, océan bleu profond à gauche"
    },
    "time_of_day": "Golden Hour (18h30 environ)",
    "environment": {
      "background": "Océan agité, ciel dégagé avec quelques nuages bas, lumière chaude et rasante",
      "vegetation": "Végétation méditerranéenne ou côtière (pins, buissons bas)",
      "temporal_progression": "Environment remains consistent throughout the 20-second narrative. Background elements may subtly shift focus as camera moves, but spatial continuity is maintained for coherent storytelling."
    }
  },
  "cinematography": {
    "lighting": {
      "primary_source": "Soleil bas et rasant (Golden Hour)",
      "quality": "Lumière douce et directionnelle, reflets chauds sur la carrosserie du SUV",
      "color_temperature": "3200K (Tungstène chaud)",
      "key_to_fill_ratio": "4:1 (Contraste élevé pour un look dramatique)",
      "evolution": "Lighting remains consistent throughout the 20-second sequence, maintaining the established mood. Subtle adjustments in intensity during the final 6 seconds to emphasize the emotional climax and create visual impact."
    },
    "color_grading": {
      "palette": "Tons chauds (oranges, jaunes) contrastant avec les bleus profonds de l'océan et du SUV",
      "tone": "Cinématique, riche, saturé, avec des noirs profonds et des hautes lumières douces"
    }
  },
  "audio": {
    "ambient": "Bruit subtil du vent, vagues lointaines s'écrasant sur les rochers",
    "foley": "Sequence 1 (0-12s): Bruit de roulement des pneus sur l'asphalte, cliquetis minimaliste du volant, son futuriste et discret du moteur électrique. Sequence 2: Additional environmental sounds, subtle interactions with objects, breathing, fabric movement. Sequence 3: Final satisfying sound (smile, exhale, object placement), ambient fade.",
    "music": "Piste électronique minimaliste et sophistiquée, tempo modéré, crescendo subtil The score builds progressively over 20 seconds, starting subtly and crescendoing toward the final moment. Emotional peak at 14-18s, then resolving with a confident, memorable final chord at 20s."
  },
  "visual_rules": {
    "frame_purity": "without text overlays, logos unless branded, no subtitles, focus on hyperrealism and cinematic quality",
    "quality_requirements": {
      "no_artifacts": true,
      "no_morphing": true,
      "no_unnatural_motion": true,
      "high_fidelity_details": "Détails fins sur la texture de la route et les reflets de la carrosserie"
    },
    "realism": "Physique réaliste des liquides et aliments (versement, vapeur, condensation). Couleurs vibrantes et appétissantes sous éclairage optimal. Détails macro des textures alimentaires (brillance, humidité). Composition visuelle professionnelle de food styling.",
    "continuity": "Cohérence de la vapeur, condensation et état frais des aliments. Maintien des couleurs vibrantes et textures appétissantes. Continuité de l'éclairage food styling. Fluidité des mouvements de préparation et service."
  },
  "technical_specifications": {
    "resolution": "4K (3840x2160)",
    "color_space": "Rec. 2020",
    "bit_depth": "10-bit",
    "output_quality": "ProRes 422 HQ eq.",
    "model_preference": "Sora 2 ou Veo 3",
    "duration_seconds": 20
  }
}