{
  "shot": {
    "camera_system": "ARRI Alexa Mini LF",
    "primary_lens": "Zeiss Supreme Prime 35mm T1.5",
    "composition": "Medium close-up (MCU) centré sur le sujet, légère plongée pour accentuer l'autorité. Règle des tiers respectée pour le placement du sujet.",
    "camera_motion": "Sequence 1 (0-8s): Dolly in lent et subtil, commençant sur un plan large et se terminant en MCU, pour souligner l'importance du message.. Sequence 2 (8-12s): Smooth transition to wider establishing shot, then slow push-in to capture detail and emotion. Sequence 3 (12-20s): Final close-up with subtle dolly movement, ending on a confident, impactful frame.",
    "frame_rate": "24 fps (Cinématique standard)",
    "aspect_ratio": "16:9"
  },
  "subject": {
    "identity": {
      "age": "45 ans",
      "gender": "Homme",
      "ethnicity": "Caucasien, teint clair"
    },
    "physical": {
      "height": "180 cm",
      "posture": "Droit, épaules en arrière, posture de leader confiant et charismatique."
    },
    "facial_features": {
      "face_shape": "Ovale, mâchoire définie",
      "eyes": "Bleus, regard direct et engageant",
      "hair": "Court, poivre et sel, coiffure soignée",
      "expression": "Sourire subtil et confiant, micro-expressions d'assurance et de conviction."
    },
    "wardrobe": {
      "suit": "Costume croisé bleu marine sur mesure, tissu en laine Super 150s, coupe moderne et ajustée.",
      "shirt": "Chemise blanche en popeline de coton égyptien, col italien, poignets mousquetaires.",
      "tie": "Cravate en soie bordeaux à motif subtil, nœud Windsor parfait.",
      "accessories": "Montre de luxe discrète en acier au poignet gauche, alliance en or blanc."
    }
  },
  "action": {
    "sequences": [
      {
        "timing": "0-8 seconds",
        "primary_motion": "Le sujet fait un geste d'ouverture des mains, paumes vers le haut, en parlant avec conviction. Il maintient un contact visuel soutenu avec la caméra (le public).",
        "camera_follows": "Initial action with detailed tracking"
      },
      {
        "timing": "8-14 seconds",
        "primary_motion": "Building on the initial action, the subject demonstrates additional aspects and benefits. The movement becomes more fluid and confident, showcasing expertise and comfort.",
        "camera_follows": "Wider shot revealing more context, then pushing in for detail"
      },
      {
        "timing": "14-20 seconds",
        "primary_motion": "The subject concludes with a moment of satisfaction - a knowing smile, a final appreciative glance, or a confident gesture that conveys success and approval of the result.",
        "camera_follows": "Close-up on emotional response and final impactful moment"
      }
    ],
    "total_duration": "20 seconds"
  },
  "scene": {
    "location": "Salle de conférence exécutive moderne et haut de gamme, avec vue panoramique sur une ville dynamique (ex: New York ou Londres).",
    "layout": {
      "width": "Grand écran de projection derrière le sujet affichant un graphique abstrait de croissance exponentielle (couleurs bleues et or).",
      "flooring": "Moquette épaisse de couleur gris anthracite.",
      "walls": "Mur de fond en verre teinté, laissant filtrer la lumière naturelle, et un mur latéral en bois de noyer foncé.",
      "furniture": "Table de conférence minimaliste en bois clair, chaises de designer en cuir noir, quelques bouteilles d'eau en verre et des blocs-notes disposés de manière ordonnée."
    },
    "time_of_day": "Milieu de matinée (10h30), lumière vive mais indirecte.",
    "environment": {
      "background": "Flou artistique (bokeh) de la ville en arrière-plan, ajoutant de la profondeur et du contexte de haut niveau.",
      "temporal_progression": "Environment remains consistent throughout the 20-second narrative. Background elements may subtly shift focus as camera moves, but spatial continuity is maintained for coherent storytelling."
    }
  },
  "cinematography": {
    "lighting": {
      "primary_source": "Lumière naturelle douce venant de la fenêtre (key light), complétée par un éclairage studio.",
      "quality": "Soft diffused light, pour minimiser les ombres dures et flatter le sujet.",
      "color_temperature": "5600K (Lumière du jour), légèrement réchauffée à 4500K pour un ton corporate accueillant.",
      "key_to_fill_ratio": "2:1 (Contraste modéré, ambiance professionnelle et sérieuse).",
      "evolution": "Lighting remains consistent throughout the 20-second sequence, maintaining the established mood. Subtle adjustments in intensity during the final 6 seconds to emphasize the emotional climax and create visual impact."
    },
    "color_grading": {
      "palette": "Dominance de tons bleus, gris et bordeaux (couleurs de confiance et de pouvoir).",
      "tone": "Corporate professionnel, légèrement désaturé pour un look haut de gamme et intemporel."
    }
  },
  "audio": {
    "ambient": "Silence de la salle de conférence, très léger bruit de fond de la climatisation et de la ville lointaine.",
    "foley": "Sequence 1 (0-8s): Bruit subtil de la main du sujet touchant le pupitre, son de la respiration contrôlée.. Sequence 2: Additional environmental sounds, subtle interactions with objects, breathing, fabric movement. Sequence 3: Final satisfying sound (smile, exhale, object placement), ambient fade.",
    "music": "Musique de fond (score) minimaliste et inspirante, piano et cordes, tempo lent et ascendant, volume très bas (under-score). The score builds progressively over 20 seconds, starting subtly and crescendoing toward the final moment. Emotional peak at 14-18s, then resolving with a confident, memorable final chord at 20s."
  },
  "visual_rules": {
    "frame_purity": "without text overlays, logos unless branded, no subtitles, hyperrealistic rendering, no digital artifacts, no lens distortion.",
    "quality_requirements": {
      "no_artifacts": true,
      "no_morphing": true,
      "no_unnatural_motion": true,
      "photorealism_level": "Cinematic 8K quality"
    },
    "realism": "Textures ultra-détaillées révélant la qualité premium des produits. Reflets environnementaux cohérents sur les surfaces brillantes. Éclairage trois points professionnel sculptant les formes. Détails macro visibles (grains, fibres, finitions).",
    "continuity": "Continuité des reflets environnementaux sur les surfaces. Maintien de la propreté et état des produits. Cohérence de l'éclairage ambiant et température de couleur. Fluidité des mouvements de caméra et transitions."
  },
  "technical_specifications": {
    "resolution": "4K (3840x2160)",
    "color_space": "Rec. 2020",
    "bit_depth": "10-bit",
    "output_quality": "ProRes 422 HQ eq.",
    "ai_model_preference": "Sora 2 or Veo 3",
    "duration_seconds": 20
  }
}