{
  "shot": {
    "camera_system": "RED Komodo 6K",
    "primary_lens": "Zeiss Supreme Prime 25mm, T2.1",
    "composition": "Medium close-up, règle des tiers, montre connectée en point focal net, arrière-plan flou (bokeh cinématique)",
    "camera_motion": "Sequence 1 (0-8s): Gimbal smooth motion, tracking latéral de l'athlète, légère inclinaison vers le bas pour capturer la montre. Sequence 2 (8-12s): Smooth transition to wider establishing shot, then slow push-in to capture detail and emotion. Sequence 3 (12-20s): Final close-up with subtle dolly movement, ending on a confident, impactful frame.",
    "frame_rate": "60 fps (pour effet de ralenti potentiel en post-production)",
    "aspect_ratio": "9:16 (Vertical pour les réseaux sociaux)"
  },
  "subject": {
    "identity": {
      "age": "27 ans",
      "gender": "homme",
      "ethnicity": "caucasien, teint hâlé"
    },
    "physical": {
      "height": "180 cm",
      "posture": "athlétique, dynamique, posture de course parfaite"
    },
    "facial_features": {
      "face_shape": "ovale, mâchoire définie",
      "eyes": "concentrés, regard fixé sur le sentier",
      "hair": "cheveux courts, légèrement en sueur",
      "expression": "détermination, effort contrôlé"
    },
    "wardrobe": {
      "top": "T-shirt technique de running, bleu marine, ajusté",
      "bottom": "Short de trail noir, coupe mi-cuisse",
      "accessories": "Montre connectée sport (produit) au poignet gauche, écouteurs sans fil discrets"
    }
  },
  "action": {
    "sequences": [
      {
        "timing": "0-8 seconds",
        "primary_motion": "Running dynamique sur sentier de montagne, foulée puissante et régulière",
        "camera_follows": "Initial action with detailed tracking"
      },
      {
        "timing": "8-14 seconds",
        "primary_motion": "Building on the initial action, the subject demonstrates additional aspects and benefits. The movement becomes more fluid and confident, showcasing expertise and comfort.",
        "camera_follows": "Wider shot revealing more context, then pushing in for detail"
      },
      {
        "timing": "14-20 seconds",
        "primary_motion": "The subject concludes with a moment of satisfaction - a knowing smile, a final appreciative glance, or a confident gesture that conveys success and approval of the result.",
        "camera_follows": "Close-up on emotional response and final impactful moment"
      }
    ],
    "total_duration": "20 seconds"
  },
  "scene": {
    "location": "Sentier de trail en forêt de conifères, région montagneuse",
    "layout": {
      "width": "sentier étroit, entouré de végétation dense",
      "flooring": "terre battue, quelques racines et petites pierres (détails hyperréalistes)",
      "walls": "murs de pins et de sapins, lumière filtrée"
    },
    "time_of_day": "Milieu de matinée (10h30)",
    "environment": {
      "background": "forêt dense, brume légère au loin, rayons de soleil filtrant à travers les arbres",
      "temporal_progression": "Environment remains consistent throughout the 20-second narrative. Background elements may subtly shift focus as camera moves, but spatial continuity is maintained for coherent storytelling."
    }
  },
  "cinematography": {
    "lighting": {
      "primary_source": "Soleil filtré (Natural window light effect)",
      "quality": "Soft diffused, avec des 'shafts' de lumière dure et dorée",
      "color_temperature": "5600K (Lumière du jour), avec des touches de 3200K (Golden hour) pour les rayons filtrés",
      "key_to_fill_ratio": "4:1 (Contraste élevé pour un look sportif et dramatique)",
      "evolution": "Lighting remains consistent throughout the 20-second sequence, maintaining the established mood. Subtle adjustments in intensity during the final 6 seconds to emphasize the emotional climax and create visual impact."
    },
    "color_grading": {
      "palette": "Tons de vert profond, brun terreux, bleu marine (vêtements), avec un accent vif sur l'écran de la montre (bleu/orange)",
      "tone": "Cinématique, saturé, contrasté, look 'adventure/outdoor'"
    }
  },
  "audio": {
    "ambient": "Sons de la forêt (vent léger dans les arbres, chant d'oiseaux lointain)",
    "foley": "Sequence 1 (0-8s): Bruit de pas rythmés sur la terre et les feuilles, respiration de l'athlète (contrôlée), clic subtil de la montre. Sequence 2: Additional environmental sounds, subtle interactions with objects, breathing, fabric movement. Sequence 3: Final satisfying sound (smile, exhale, object placement), ambient fade.",
    "music": "Musique électronique minimaliste et motivante, tempo élevé (140 BPM), sans paroles The score builds progressively over 20 seconds, starting subtly and crescendoing toward the final moment. Emotional peak at 14-18s, then resolving with a confident, memorable final chord at 20s."
  },
  "visual_rules": {
    "frame_purity": "without text overlays, logos unless branded, no subtitles, focus on the product and the action",
    "quality_requirements": {
      "no_artifacts": true,
      "no_morphing": true,
      "no_unnatural_motion": true,
      "hyperrealism": true
    },
    "realism": "Physique réaliste des liquides et aliments (versement, vapeur, condensation). Couleurs vibrantes et appétissantes sous éclairage optimal. Détails macro des textures alimentaires (brillance, humidité). Composition visuelle professionnelle de food styling.",
    "continuity": "Cohérence de la vapeur, condensation et état frais des aliments. Maintien des couleurs vibrantes et textures appétissantes. Continuité de l'éclairage food styling. Fluidité des mouvements de préparation et service."
  },
  "technical_specifications": {
    "resolution": "4K (3840x2160) upscalé pour le 9:16",
    "color_space": "Rec. 2020",
    "bit_depth": "10-bit",
    "output_quality": "ProRes 422 HQ eq.",
    "data_rate": "High bitrate for maximum detail",
    "duration_seconds": 20
  }
}