{
  "shot": {
    "camera_system": "ARRI Alexa Mini LF",
    "primary_lens": "Zeiss Supreme Prime 35mm T1.5",
    "composition": "Medium close-up sur le professeur, angle légèrement plongeant pour souligner l'autorité, règle des tiers respectée.",
    "camera_motion": "Sequence 1 (0-8s): Steadicam tracking lent, se déplaçant de gauche à droite derrière les premières rangées d'étudiants, s'arrêtant sur le professeur.. Sequence 2 (8-12s): Smooth transition to wider establishing shot, then slow push-in to capture detail and emotion. Sequence 3 (12-20s): Final close-up with subtle dolly movement, ending on a confident, impactful frame.",
    "frame_rate": "24 fps",
    "aspect_ratio": "16:9"
  },
  "subject": {
    "identity": {
      "age": "50 ans",
      "gender": "homme",
      "ethnicity": "caucasien"
    },
    "physical": {
      "height": "180 cm",
      "posture": "debout, confiant, gestes de la main mesurés et autoritaires"
    },
    "facial_features": {
      "face_shape": "ovale, mâchoire carrée",
      "eyes": "bleus, regard intense et engageant",
      "hair": "gris poivre et sel, court et soigné",
      "expression": "sérieuse, passionnée, légèrement souriante à la fin de la phrase"
    },
    "wardrobe": {
      "jacket": "blazer en laine gris anthracite, coupe ajustée",
      "shirt": "chemise blanche en coton égyptien, col italien",
      "tie": "cravate en soie bleu marine à motifs discrets",
      "accessories": "montre de luxe discrète au poignet gauche"
    }
  },
  "action": {
    "sequences": [
      {
        "timing": "0-8 seconds",
        "primary_motion": "Le professeur parle avec éloquence, se déplaçant légèrement devant le tableau blanc, utilisant un pointeur laser pour désigner un concept clé.",
        "camera_follows": "Initial action with detailed tracking"
      },
      {
        "timing": "8-14 seconds",
        "primary_motion": "Building on the initial action, the subject demonstrates additional aspects and benefits. The movement becomes more fluid and confident, showcasing expertise and comfort.",
        "camera_follows": "Wider shot revealing more context, then pushing in for detail"
      },
      {
        "timing": "14-20 seconds",
        "primary_motion": "The subject concludes with a moment of satisfaction - a knowing smile, a final appreciative glance, or a confident gesture that conveys success and approval of the result.",
        "camera_follows": "Close-up on emotional response and final impactful moment"
      }
    ],
    "total_duration": "20 seconds"
  },
  "scene": {
    "location": "Amphithéâtre de style MBA moderne et haut de gamme",
    "layout": {
      "width": "grand espace, sièges en bois foncé et cuir, tables individuelles",
      "flooring": "moquette acoustique gris foncé",
      "walls": "panneaux acoustiques en bois clair et béton poli, grand écran de projection allumé"
    },
    "time_of_day": "milieu de matinée (10h30)",
    "environment": {
      "background": "rangées d'étudiants (20-25 ans, diversifiés, vêtus de manière professionnelle) prenant des notes avec des ordinateurs portables ouverts. L'écran affiche un graphique de croissance stratégique.",
      "temporal_progression": "Environment remains consistent throughout the 20-second narrative. Background elements may subtly shift focus as camera moves, but spatial continuity is maintained for coherent storytelling."
    }
  },
  "cinematography": {
    "lighting": {
      "primary_source": "lumière douce et diffuse venant des plafonniers LED et d'une grande fenêtre latérale (hors champ)",
      "quality": "soft diffused, éclairage de studio contrôlé pour un look corporate",
      "color_temperature": "5600K (lumière du jour neutre)",
      "key_to_fill_ratio": "2:1, ombres douces et subtiles",
      "evolution": "Lighting remains consistent throughout the 20-second sequence, maintaining the established mood. Subtle adjustments in intensity during the final 6 seconds to emphasize the emotional climax and create visual impact."
    },
    "color_grading": {
      "palette": "tons de bleu marine, gris, et bois chaud",
      "tone": "professionnel, contrasté, légèrement désaturé pour un look académique sérieux"
    }
  },
  "audio": {
    "ambient": "léger bruit de fond d'étudiants prenant des notes, un toussotement occasionnel, le son du pointeur laser cliqué",
    "foley": "Sequence 1 (0-8s): voix du professeur claire et autoritaire, réverbération naturelle de l'amphithéâtre. Sequence 2: Additional environmental sounds, subtle interactions with objects, breathing, fabric movement. Sequence 3: Final satisfying sound (smile, exhale, object placement), ambient fade.",
    "music": "musique de fond orchestrale minimaliste, inspirante et subtile (cordes et piano) The score builds progressively over 20 seconds, starting subtly and crescendoing toward the final moment. Emotional peak at 14-18s, then resolving with a confident, memorable final chord at 20s.",
    "dialogue": "Le professeur dit: 'Le leadership n'est pas une position, c'est une décision stratégique.'"
  },
  "visual_rules": {
    "frame_purity": "sans texte superposé, sans logo visible (sauf si discret sur l'ordinateur portable d'un étudiant), pas de sous-titres",
    "quality_requirements": {
      "no_artifacts": true,
      "no_morphing": true,
      "no_unnatural_motion": true
    },
    "realism": "Rendu photoréaliste des tissus avec draping et plis naturels. Textures matérielles précises (coton, soie, denim, cuir). Éclairage mode valorisant les coupes et silhouettes. Mouvements fluides et tombé naturel des vêtements.",
    "continuity": "Cohérence du style, palette de couleurs et esthétique mode. Maintien de l'ajustement et tombé des vêtements. Continuité de l'éclairage mode et ambiance. Fluidité des transitions entre les looks et poses."
  },
  "technical_specifications": {
    "resolution": "4K (3840x2160)",
    "color_space": "Rec. 2020",
    "bit_depth": "10-bit",
    "output_quality": "ProRes 422 HQ eq.",
    "duration_seconds": 20
  }
}