{
  "shot": {
    "camera_system": "ARRI Alexa Mini LF",
    "primary_lens": "Zeiss Supreme Prime 35mm T1.5, focus sur le sujet",
    "composition": "Medium close-up, règle des tiers, sujet légèrement décentré",
    "camera_motion": "Sequence 1 (0-8s): Smooth Steadicam tracking, léger mouvement latéral de gauche à droite. Sequence 2 (8-12s): Smooth transition to wider establishing shot, then slow push-in to capture detail and emotion. Sequence 3 (12-20s): Final close-up with subtle dolly movement, ending on a confident, impactful frame.",
    "frame_rate": "24 fps",
    "aspect_ratio": "16:9"
  },
  "subject": {
    "identity": {
      "age": "36 ans",
      "gender": "femme",
      "ethnicity": "Caucasienne"
    },
    "physical": {
      "height": "170 cm",
      "posture": "Professionnelle, confiante, gestuelle mesurée"
    },
    "facial_features": {
      "face_shape": "Ovale",
      "eyes": "Verts, regard direct et engageant",
      "hair": "Carré long châtain clair, coiffure soignée",
      "expression": "Sourire professionnel, concentré et passionné"
    },
    "wardrobe": {
      "top": "Blazer structuré gris anthracite, col roulé fin noir",
      "bottom": "Pantalon de costume noir coupe droite",
      "accessories": "Montre minimaliste en acier, bague discrète"
    }
  },
  "action": {
    "sequences": [
      {
        "timing": "0-8 seconds",
        "primary_motion": "L'architecte fait un geste de la main précis vers un plan de travail, expliquant le projet avec conviction.",
        "camera_follows": "Initial action with detailed tracking"
      },
      {
        "timing": "8-14 seconds",
        "primary_motion": "Building on the initial action, the subject demonstrates additional aspects and benefits. The movement becomes more fluid and confident, showcasing expertise and comfort.",
        "camera_follows": "Wider shot revealing more context, then pushing in for detail"
      },
      {
        "timing": "14-20 seconds",
        "primary_motion": "The subject concludes with a moment of satisfaction - a knowing smile, a final appreciative glance, or a confident gesture that conveys success and approval of the result.",
        "camera_follows": "Close-up on emotional response and final impactful moment"
      }
    ],
    "total_duration": "20 seconds"
  },
  "scene": {
    "location": "Loft industriel rénové, quartier artistique",
    "layout": {
      "width": "Grand espace ouvert, murs en briques apparentes peintes en blanc, poutres métalliques noires",
      "flooring": "Plancher en bois massif foncé (chêne fumé)",
      "walls": "Mur de briques blanches, grande baie vitrée de style atelier"
    },
    "time_of_day": "Fin d'après-midi (16h00)",
    "environment": {
      "background": "Plan de travail en béton ciré, maquette d'architecture moderne, lumière naturelle filtrée par la baie vitrée",
      "temporal_progression": "Environment remains consistent throughout the 20-second narrative. Background elements may subtly shift focus as camera moves, but spatial continuity is maintained for coherent storytelling."
    }
  },
  "cinematography": {
    "lighting": {
      "primary_source": "Lumière naturelle douce de la grande baie vitrée (fenêtre light)",
      "quality": "Soft diffused, avec des ombres douces et progressives",
      "color_temperature": "5600K (lumière du jour neutre)",
      "key_to_fill_ratio": "2:1 (légèrement contrasté pour le volume)",
      "evolution": "Lighting remains consistent throughout the 20-second sequence, maintaining the established mood. Subtle adjustments in intensity during the final 6 seconds to emphasize the emotional climax and create visual impact."
    },
    "color_grading": {
      "palette": "Tons neutres (gris, blanc, noir, bois foncé), accent de couleur sur la maquette",
      "tone": "Moderne, élégant, professionnel, légèrement désaturé pour un look cinématique"
    }
  },
  "audio": {
    "ambient": "Bruit de fond très faible d'une ville lointaine, silence professionnel",
    "foley": "Sequence 1 (0-8s): Bruit subtil du doigt tapotant le plan de travail, léger froissement de tissu. Sequence 2: Additional environmental sounds, subtle interactions with objects, breathing, fabric movement. Sequence 3: Final satisfying sound (smile, exhale, object placement), ambient fade.",
    "music": "Musique de fond instrumentale minimaliste et sophistiquée (piano et cordes légères) The score builds progressively over 20 seconds, starting subtly and crescendoing toward the final moment. Emotional peak at 14-18s, then resolving with a confident, memorable final chord at 20s.",
    "dialogue": "Voix de l'architecte claire et posée (non audible, mais l'intention est là)"
  },
  "visual_rules": {
    "frame_purity": "without text overlays, logos unless branded, no subtitles, hyperrealistic rendering",
    "quality_requirements": {
      "no_artifacts": true,
      "no_morphing": true,
      "no_unnatural_motion": true
    },
    "realism": "Mouvements athlétiques fluides et biomécaniquement corrects. Anatomie musculaire définie avec transpiration crédible. Éclairage dynamique accentuant la forme physique. Effort et intensité visibles dans les expressions.",
    "continuity": "Progression logique de l'intensité de l'effort physique. Cohérence de la transpiration et signes de fatigue. Maintien de la posture et forme technique. Continuité de l'éclairage et motivation visible."
  },
  "technical_specifications": {
    "resolution": "4K (3840x2160)",
    "color_space": "Rec. 2020",
    "bit_depth": "10-bit",
    "output_quality": "ProRes 422 HQ eq.",
    "duration_seconds": 20
  }
}