{
  "shot": {
    "camera_system": "ARRI Alexa Mini LF",
    "primary_lens": "Zeiss Supreme Prime 50mm, T2.1",
    "composition": "Medium close-up, mise au point sur les mains de la barista et la tasse de café, profondeur de champ faible (bokeh crémeux) pour isoler l'action.",
    "camera_motion": "Sequence 1 (0-8s): Gimbal smooth motion, léger travelling avant (dolly in) de 1 seconde pour accentuer le détail du latte art, puis stabilisation statique.. Sequence 2 (8-12s): Smooth transition to wider establishing shot, then slow push-in to capture detail and emotion. Sequence 3 (12-20s): Final close-up with subtle dolly movement, ending on a confident, impactful frame.",
    "frame_rate": "24 fps (cinématique)",
    "aspect_ratio": "16:9"
  },
  "subject": {
    "identity": {
      "age": "28 ans",
      "gender": "femme",
      "ethnicity": "Caucasienne, peau claire"
    },
    "physical": {
      "height": "Taille moyenne",
      "posture": "Concentrée, penchée légèrement au-dessus de la tasse"
    },
    "facial_features": {
      "face_shape": "Ovale",
      "eyes": "Marrons, regard fixé sur la tasse",
      "hair": "Châtain clair, attaché en chignon décontracté",
      "expression": "Sérieuse, concentrée, un léger sourire satisfait à la fin de l'action"
    },
    "wardrobe": {
      "top": "Chemise en denim foncé, manches retroussées",
      "apron": "Tablier en cuir marron clair, style artisanal",
      "accessories": "Alliance simple en argent, pas de maquillage excessif"
    }
  },
  "action": {
    "sequences": [
      {
        "timing": "0-8 seconds",
        "primary_motion": "Préparation méticuleuse d'un latte art (verser le lait moussé pour former une feuille de fougère ou un cœur) avec une précision et une grâce professionnelles.",
        "camera_follows": "Initial action with detailed tracking"
      },
      {
        "timing": "8-14 seconds",
        "primary_motion": "Building on the initial action, the subject demonstrates additional aspects and benefits. The movement becomes more fluid and confident, showcasing expertise and comfort.",
        "camera_follows": "Wider shot revealing more context, then pushing in for detail"
      },
      {
        "timing": "14-20 seconds",
        "primary_motion": "The subject concludes with a moment of satisfaction - a knowing smile, a final appreciative glance, or a confident gesture that conveys success and approval of the result.",
        "camera_follows": "Close-up on emotional response and final impactful moment"
      }
    ],
    "total_duration": "20 seconds"
  },
  "scene": {
    "location": "Coffee shop artisanal 'Le Grain Doré', comptoir en bois massif et marbre blanc.",
    "layout": {
      "width": "Plan de travail dégagé, machine à espresso professionnelle (La Marzocco) en arrière-plan flou.",
      "flooring": "Carrelage hexagonal noir et blanc",
      "walls": "Mur en briques apparentes, étagères en bois avec des sacs de café specialty"
    },
    "time_of_day": "Milieu de matinée (10h30)",
    "environment": {
      "background": "Légère activité floue en arrière-plan (quelques clients lisant, ambiance calme), vapeur subtile s'échappant de la machine à espresso.",
      "temporal_progression": "Environment remains consistent throughout the 20-second narrative. Background elements may subtly shift focus as camera moves, but spatial continuity is maintained for coherent storytelling."
    }
  },
  "cinematography": {
    "lighting": {
      "primary_source": "Lumière naturelle douce provenant d'une grande fenêtre latérale (soft window light)",
      "quality": "Soft diffused (lumière enveloppante, ombres douces)",
      "color_temperature": "3200K (lumière chaude et accueillante)",
      "key_to_fill_ratio": "2:1 (contraste modéré pour une ambiance cosy)",
      "evolution": "Lighting remains consistent throughout the 20-second sequence, maintaining the established mood. Subtle adjustments in intensity during the final 6 seconds to emphasize the emotional climax and create visual impact."
    },
    "color_grading": {
      "palette": "Tons chauds (marron, crème, or, vert foncé des plantes)",
      "tone": "Lifestyle aspirationnel, saturé mais doux, légèrement désaturé pour un look cinématographique intemporel."
    }
  },
  "audio": {
    "ambient": "Bruit de fond doux d'un coffee shop (cliquetis de tasses, murmures de conversations lointaines, bruit de la machine à espresso en sourdine).",
    "foley": "Sequence 1 (0-8s): Son cristallin du lait versé, bruit de la tasse posée sur le comptoir, léger 'clack' de la cuillère.. Sequence 2: Additional environmental sounds, subtle interactions with objects, breathing, fabric movement. Sequence 3: Final satisfying sound (smile, exhale, object placement), ambient fade.",
    "music": "Musique de fond jazz-lounge acoustique, très discrète, axée sur le piano et la contrebasse. The score builds progressively over 20 seconds, starting subtly and crescendoing toward the final moment. Emotional peak at 14-18s, then resolving with a confident, memorable final chord at 20s."
  },
  "visual_rules": {
    "frame_purity": "without text overlays, logos unless branded, no subtitles, focus on the craft and the product.",
    "quality_requirements": {
      "no_artifacts": true,
      "no_morphing": true,
      "no_unnatural_motion": true,
      "hyperrealism": "Détail extrême sur la texture de la mousse de lait et les reflets dans le café."
    },
    "realism": "Ambiance chaleureuse avec éclairage d'accueil professionnel. Textures luxueuses des matériaux (bois, tissus, pierre). Détails d'aménagement haut de gamme. Service et interactions humaines authentiques.",
    "continuity": "Cohérence de l'ambiance lumineuse et sonore. Maintien du niveau de service et attention aux détails. Continuité du style décoratif et atmosphère. Fluidité de l'expérience client et interactions."
  },
  "technical_specifications": {
    "resolution": "4K (3840x2160)",
    "color_space": "Rec. 2020",
    "bit_depth": "10-bit",
    "output_quality": "ProRes 422 HQ eq.",
    "duration_seconds": 20
  }
}