{
  "shot": {
    "camera_system": "ARRI Alexa Mini LF",
    "primary_lens": "Zeiss Supreme Prime 35mm T1.5",
    "composition": "Low-angle tracking shot, following the car from the front-side, emphasizing the car's grille and the driver's focused expression.",
    "camera_motion": "Sequence 1 (0-8s): Smooth Gimbal tracking shot, moving at the car's speed (approx. 40 km/h) with a slight lateral drift.. Sequence 2 (8-12s): Smooth transition to wider establishing shot, then slow push-in to capture detail and emotion. Sequence 3 (12-20s): Final close-up with subtle dolly movement, ending on a confident, impactful frame.",
    "frame_rate": "24 fps (cinematic standard)",
    "aspect_ratio": "2.39:1 (Cinemascope)"
  },
  "subject": {
    "identity": {
      "age": "42",
      "gender": "Female",
      "ethnicity": "Mediterranean/European"
    },
    "physical": {
      "height": "Average (170 cm)",
      "posture": "Confident, relaxed, hands at '10 and 2' on the steering wheel"
    },
    "facial_features": {
      "face_shape": "Oval, defined cheekbones",
      "eyes": "Focused on the road, reflecting the city lights",
      "hair": "Dark, styled in a sleek, professional bob",
      "expression": "Subtle, knowing smile, conveying satisfaction and control"
    },
    "wardrobe": {
      "jacket": "Tailored, dark navy cashmere coat",
      "accessory": "Minimalist gold watch on the left wrist"
    }
  },
  "action": {
    "sequences": [
      {
        "timing": "0-8 seconds",
        "primary_motion": "The premium hybrid sedan glides silently through the wet city streets.",
        "camera_follows": "Initial action with detailed tracking"
      },
      {
        "timing": "8-14 seconds",
        "primary_motion": "Building on the initial action, the subject demonstrates additional aspects and benefits. The movement becomes more fluid and confident, showcasing expertise and comfort.",
        "camera_follows": "Wider shot revealing more context, then pushing in for detail"
      },
      {
        "timing": "14-20 seconds",
        "primary_motion": "The subject concludes with a moment of satisfaction - a knowing smile, a final appreciative glance, or a confident gesture that conveys success and approval of the result.",
        "camera_follows": "Close-up on emotional response and final impactful moment"
      }
    ],
    "total_duration": "20 seconds"
  },
  "scene": {
    "location": "A high-end urban district (e.g., Manhattan, Paris 8th, Shinjuku) with modern glass buildings and luxury storefronts.",
    "layout": {
      "width": "Wide, multi-lane avenue",
      "flooring": "Wet asphalt, reflecting neon signs and car lights",
      "walls": "Glass facades and polished stone architecture"
    },
    "time_of_day": "Late night (23:00), after a recent rain shower.",
    "environment": {
      "background": "Blurred streaks of red and white taillights, soft glow from streetlamps, light traffic.",
      "temporal_progression": "Environment remains consistent throughout the 20-second narrative. Background elements may subtly shift focus as camera moves, but spatial continuity is maintained for coherent storytelling."
    }
  },
  "cinematography": {
    "lighting": {
      "primary_source": "Ambient city light (streetlamps, neon signs) and car's LED headlights.",
      "quality": "Hard light sources (streetlamps) creating sharp reflections on the wet road, contrasted with soft, diffused interior light.",
      "color_temperature": "Mixed: Cool blue/white (LEDs) and warm orange (sodium lamps).",
      "key_to_fill_ratio": "High contrast (4:1), typical of sophisticated night cinematography.",
      "evolution": "Lighting remains consistent throughout the 20-second sequence, maintaining the established mood. Subtle adjustments in intensity during the final 6 seconds to emphasize the emotional climax and create visual impact."
    },
    "color_grading": {
      "palette": "Deep blues, inky blacks, and sharp amber/red accents.",
      "tone": "Elegant, sophisticated, and slightly moody (Neo-Noir aesthetic)."
    }
  },
  "audio": {
    "ambient": "Very low hum of the electric motor, distant city sounds (sirens, muffled traffic).",
    "foley": "Sequence 1 (0-8s): Subtle, high-quality sound of tires on wet asphalt, soft click of the turn signal (optional).. Sequence 2: Additional environmental sounds, subtle interactions with objects, breathing, fabric movement. Sequence 3: Final satisfying sound (smile, exhale, object placement), ambient fade.",
    "music": "Minimalist, sophisticated electronic score with a deep bassline and light piano melody. The score builds progressively over 20 seconds, starting subtly and crescendoing toward the final moment. Emotional peak at 14-18s, then resolving with a confident, memorable final chord at 20s."
  },
  "visual_rules": {
    "frame_purity": "without text overlays, logos unless branded, no subtitles",
    "quality_requirements": {
      "no_artifacts": true,
      "no_morphing": true,
      "no_unnatural_motion": true
    },
    "realism": "Physique réaliste des liquides et aliments (versement, vapeur, condensation). Couleurs vibrantes et appétissantes sous éclairage optimal. Détails macro des textures alimentaires (brillance, humidité). Composition visuelle professionnelle de food styling.",
    "continuity": "Cohérence de la vapeur, condensation et état frais des aliments. Maintien des couleurs vibrantes et textures appétissantes. Continuité de l'éclairage food styling. Fluidité des mouvements de préparation et service."
  },
  "technical_specifications": {
    "resolution": "4K (3840x2160)",
    "color_space": "Rec. 2020",
    "bit_depth": "10-bit",
    "output_quality": "ProRes 422 HQ eq.",
    "duration_seconds": 20
  }
}