{
  "shot": {
    "camera_system": "ARRI Alexa Mini LF",
    "primary_lens": "Zeiss Supreme Prime 35mm, T2.1",
    "composition": "Medium shot, règle des tiers, canapé occupant les deux tiers inférieurs du cadre, profondeur de champ faible pour isoler le couple.",
    "camera_motion": "Sequence 1 (0-8s): Smooth Steadicam tracking, léger 'dolly in' de 1 mètre sur les 8 secondes, mouvement lent et contemplatif.. Sequence 2 (8-12s): Smooth transition to wider establishing shot, then slow push-in to capture detail and emotion. Sequence 3 (12-20s): Final close-up with subtle dolly movement, ending on a confident, impactful frame.",
    "frame_rate": "24 fps (Cinematic Standard)",
    "aspect_ratio": "16:9"
  },
  "subject": {
    "identity": {
      "age": "Homme 32 ans, Femme 30 ans",
      "gender": "Homme et Femme",
      "ethnicity": "Caucasien (Teint clair, cheveux châtains)"
    },
    "physical": {
      "height": "Homme 180cm, Femme 168cm",
      "posture": "Détendue, homme lisant un livre, femme appuyée sur son épaule, tous deux souriant légèrement."
    },
    "facial_features": {
      "face_shape": "Ovale",
      "eyes": "Yeux clairs (bleus/verts), regard apaisé",
      "hair": "Homme: coupe courte soignée, Femme: cheveux mi-longs lâchés",
      "expression": "Sérénité, confort, connexion"
    },
    "wardrobe": {
      "Homme": "Pull en maille beige clair, pantalon chino gris décontracté, chaussettes en laine.",
      "Femme": "Robe pull en cachemire gris perle, pieds nus."
    }
  },
  "action": {
    "sequences": [
      {
        "timing": "0-8 seconds",
        "primary_motion": "Le couple se détend sur le canapé. L'homme tourne lentement une page de son livre. La femme ferme doucement les yeux et respire profondément, un geste subtil de satisfaction.",
        "camera_follows": "Initial action with detailed tracking"
      },
      {
        "timing": "8-14 seconds",
        "primary_motion": "Building on the initial action, the subject demonstrates additional aspects and benefits. The movement becomes more fluid and confident, showcasing expertise and comfort.",
        "camera_follows": "Wider shot revealing more context, then pushing in for detail"
      },
      {
        "timing": "14-20 seconds",
        "primary_motion": "The subject concludes with a moment of satisfaction - a knowing smile, a final appreciative glance, or a confident gesture that conveys success and approval of the result.",
        "camera_follows": "Close-up on emotional response and final impactful moment"
      }
    ],
    "total_duration": "20 seconds"
  },
  "scene": {
    "location": "Salon moderne de style scandinave, grande baie vitrée orientée sud-ouest.",
    "layout": {
      "width": "Pièce spacieuse (5m x 7m), murs blancs cassés, étagères minimalistes en bois clair, plantes d'intérieur (Ficus Lyrata).",
      "flooring": "Parquet en chêne clair huilé, tapis en laine tissée de couleur crème sous le canapé.",
      "walls": "Peinture mate blanche, un tableau abstrait aux tons pastel (bleu poudré, rose pâle)."
    },
    "time_of_day": "Fin d'après-midi (16h30), lumière douce et dorée.",
    "environment": {
      "background": "Vue floue sur un jardin verdoyant à travers la baie vitrée. Un plaid en lin gris est négligemment posé sur l'accoudoir du canapé.",
      "temporal_progression": "Environment remains consistent throughout the 20-second narrative. Background elements may subtly shift focus as camera moves, but spatial continuity is maintained for coherent storytelling."
    }
  },
  "cinematography": {
    "lighting": {
      "primary_source": "Lumière naturelle de la fenêtre (Soft Diffused Window Light), complétée par une lampe sur pied 'arc' à lumière chaude (2700K).",
      "quality": "Soft, enveloppante, sans ombres dures.",
      "color_temperature": "3200K (Warm Tungsten Look)",
      "key_to_fill_ratio": "2:1 (Low Contrast, Ambiance chaleureuse)",
      "evolution": "Lighting remains consistent throughout the 20-second sequence, maintaining the established mood. Subtle adjustments in intensity during the final 6 seconds to emphasize the emotional climax and create visual impact."
    },
    "color_grading": {
      "palette": "Tons neutres et pastel (gris, beige, blanc cassé, bois clair), saturation légèrement désaturée pour un look 'hygge'.",
      "tone": "Calme, apaisant, aspirationnel, mettant en valeur la texture du tissu du canapé."
    }
  },
  "audio": {
    "ambient": "Bruit de fond très faible de la ville (lointain), léger crépitement d'un feu de cheminée (hors-champ), bruit subtil du tissu du livre tourné.",
    "foley": "Sequence 1 (0-8s): Bruit de la femme qui se cale plus confortablement, léger soupir de satisfaction.. Sequence 2: Additional environmental sounds, subtle interactions with objects, breathing, fabric movement. Sequence 3: Final satisfying sound (smile, exhale, object placement), ambient fade.",
    "music": "Musique instrumentale minimaliste (piano et cordes douces), mélodie lente et réconfortante. The score builds progressively over 20 seconds, starting subtly and crescendoing toward the final moment. Emotional peak at 14-18s, then resolving with a confident, memorable final chord at 20s."
  },
  "visual_rules": {
    "frame_purity": "without text overlays, logos unless branded (subtle tag on the couch), no subtitles, no visible brand names on the book.",
    "quality_requirements": {
      "no_artifacts": true,
      "no_morphing": true,
      "no_unnatural_motion": true
    },
    "realism": "Anatomie et proportions humaines précises avec expressions faciales authentiques. Détails de peau réalistes (pores, texture naturelle, micro-imperfections). Éclairage doux et flatteur simulant la lumière naturelle. Mouvements corporels fluides et biomécaniquement corrects.",
    "continuity": "Progression logique et crédible des actions et mouvements. Cohérence de la direction et qualité de lumière tout au long de la séquence. Maintien des tons de peau, maquillage et coiffure. Fluidité des expressions faciales et langage corporel."
  },
  "technical_specifications": {
    "resolution": "4K (3840x2160)",
    "color_space": "Rec. 2020",
    "bit_depth": "10-bit",
    "output_quality": "ProRes 422 HQ eq.",
    "duration_seconds": 20
  }
}