{
  "shot": {
    "camera_system": "ARRI Alexa Mini LF",
    "primary_lens": "Zeiss Supreme Prime 35mm, T2.1",
    "composition": "Medium close-up, règle des tiers, sujet centré dans le cadre, légère plongée pour accentuer l'immersion.",
    "camera_motion": "Sequence 1 (0-8s): Smooth Steadicam tracking, léger 'dolly in' progressif sur les 3 dernières secondes.. Sequence 2 (8-12s): Smooth transition to wider establishing shot, then slow push-in to capture detail and emotion. Sequence 3 (12-20s): Final close-up with subtle dolly movement, ending on a confident, impactful frame.",
    "frame_rate": "24 fps",
    "aspect_ratio": "16:9"
  },
  "subject": {
    "identity": {
      "age": "22 ans",
      "gender": "Femme",
      "ethnicity": "Asiatique de l'Est"
    },
    "physical": {
      "height": "170 cm",
      "posture": "Assise, légèrement penchée en avant, concentrée, mains tenant des contrôleurs VR invisibles."
    },
    "facial_features": {
      "face_shape": "Ovale",
      "eyes": "Fermés par le casque VR futuriste (blanc mat et lignes bleues LED), expression de surprise et de plaisir intense.",
      "hair": "Cheveux noirs mi-longs, attachés en queue de cheval haute.",
      "expression": "Concentration intense évoluant vers un sourire de satisfaction."
    },
    "wardrobe": {
      "top": "Sweat-shirt technique noir, col rond, logo discret sur la manche.",
      "bottom": "Pantalon de jogging gris anthracite, coupe ajustée."
    }
  },
  "action": {
    "sequences": [
      {
        "timing": "0-8 seconds",
        "primary_motion": "La jeune femme est immobile, mais ses mains effectuent des mouvements amples et précis dans l'air, simulant une interaction complexe dans un environnement virtuel. Un léger tressaillement de la tête et du corps indique une réaction à un événement virtuel.",
        "camera_follows": "Initial action with detailed tracking"
      },
      {
        "timing": "8-14 seconds",
        "primary_motion": "Building on the initial action, the subject demonstrates additional aspects and benefits. The movement becomes more fluid and confident, showcasing expertise and comfort.",
        "camera_follows": "Wider shot revealing more context, then pushing in for detail"
      },
      {
        "timing": "14-20 seconds",
        "primary_motion": "The subject concludes with a moment of satisfaction - a knowing smile, a final appreciative glance, or a confident gesture that conveys success and approval of the result.",
        "camera_follows": "Close-up on emotional response and final impactful moment"
      }
    ],
    "total_duration": "20 seconds"
  },
  "scene": {
    "location": "Stand d'exposition futuriste et minimaliste lors d'un salon de la technologie (Tech Expo).",
    "layout": {
      "width": "Espace de démonstration ouvert, sol en béton poli, murs de séparation blancs mats avec des accents lumineux bleus et violets.",
      "flooring": "Béton ciré gris clair, reflets des lumières LED.",
      "walls": "Panneaux acoustiques blancs, éclairage d'ambiance LED vertical."
    },
    "time_of_day": "Jour, éclairage de salon intérieur contrôlé.",
    "environment": {
      "background": "Flou artistique (bokeh) montrant la foule du salon, des écrans lumineux et des silhouettes de visiteurs, renforçant l'isolement du sujet dans son expérience.",
      "temporal_progression": "Environment remains consistent throughout the 20-second narrative. Background elements may subtly shift focus as camera moves, but spatial continuity is maintained for coherent storytelling."
    }
  },
  "cinematography": {
    "lighting": {
      "primary_source": "Softbox octogonale (Key Light) en haut à droite, simulant un éclairage de studio professionnel.",
      "quality": "Lumière douce et enveloppante (Soft diffused), sans ombres dures.",
      "color_temperature": "5600K (Lumière du jour neutre), avec des touches de bleu électrique (4800K) en contre-jour pour l'ambiance futuriste.",
      "key_to_fill_ratio": "2:1 (Contraste modéré, ambiance high-tech et propre).",
      "evolution": "Lighting remains consistent throughout the 20-second sequence, maintaining the established mood. Subtle adjustments in intensity during the final 6 seconds to emphasize the emotional climax and create visual impact."
    },
    "color_grading": {
      "palette": "Dominance de tons froids (bleu, cyan, gris) avec un contraste élevé pour le casque et les LED, et des tons de peau chauds pour le sujet.",
      "tone": "Futuriste, high-tech, immersif et professionnel. Look 'Blockbuster' avec des noirs profonds et des hautes lumières contrôlées."
    }
  },
  "audio": {
    "ambient": "Bruit de fond atténué d'un salon tech (murmures, musique d'ambiance lointaine, clics de souris).",
    "foley": "Sequence 1 (0-8s): Sons de 'swish' et de 'clic' numériques synchronisés avec les mouvements des mains du sujet, soulignant l'interaction virtuelle.. Sequence 2: Additional environmental sounds, subtle interactions with objects, breathing, fabric movement. Sequence 3: Final satisfying sound (smile, exhale, object placement), ambient fade.",
    "music": "Musique électronique minimaliste et progressive (synthwave/ambient) avec un crescendo subtil vers la fin du clip. The score builds progressively over 20 seconds, starting subtly and crescendoing toward the final moment. Emotional peak at 14-18s, then resolving with a confident, memorable final chord at 20s.",
    "dialogue": "Aucun dialogue."
  },
  "visual_rules": {
    "frame_purity": "without text overlays, logos unless branded, no subtitles. Casque VR doit être le point focal.",
    "quality_requirements": {
      "no_artifacts": true,
      "no_morphing": true,
      "no_unnatural_motion": true,
      "hyperrealism": "Détails de la peau et des vêtements ultra-réalistes, profondeur de champ cinématographique."
    },
    "realism": "Environnement architectural crédible avec matériaux authentiques. Éclairage naturel réaliste selon l'heure et météo. Détails d'aménagement et décoration cohérents. Perspectives et proportions spatiales correctes.",
    "continuity": "Cohérence de la lumière naturelle selon la progression temporelle. Maintien du style architectural et décoratif. Continuité des vues extérieures à travers les fenêtres. Fluidité du parcours spatial et découverte."
  },
  "technical_specifications": {
    "resolution": "4K (3840x2160)",
    "color_space": "Rec. 2020",
    "bit_depth": "10-bit",
    "output_quality": "ProRes 422 HQ eq.",
    "model_hint": "Optimisé pour Sora 2 / Veo 3 pour un rendu hyperréaliste et une cohérence temporelle.",
    "duration_seconds": 20
  }
}