{
  "shot": {
    "camera_system": "Sony Venice 2",
    "primary_lens": "Zeiss Supreme Prime 35mm T1.5, ouverture T2.8",
    "composition": "Medium Close-Up (MCU) de l'instructeur, règle des tiers, espace négatif minimal au-dessus de la tête.",
    "camera_motion": "Sequence 1 (0-8s): Static locked-off sur trépied lourd, mouvement subtil de respiration de l'objectif (lens breathing) pour un effet cinématographique.. Sequence 2 (8-12s): Smooth transition to wider establishing shot, then slow push-in to capture detail and emotion. Sequence 3 (12-20s): Final close-up with subtle dolly movement, ending on a confident, impactful frame.",
    "frame_rate": "24 fps (standard cinématographique)",
    "aspect_ratio": "16:9"
  },
  "subject": {
    "identity": {
      "age": "38 ans",
      "gender": "homme",
      "ethnicity": "Caucasien, barbe courte soignée"
    },
    "physical": {
      "height": "180 cm",
      "posture": "Assis, penché légèrement en avant, posture ouverte et engageante."
    },
    "facial_features": {
      "face_shape": "Ovale",
      "eyes": "Bleus, regard direct et confiant vers la caméra (simulant le contact visuel avec l'étudiant).",
      "hair": "Court, brun foncé, coiffé professionnellement.",
      "expression": "Sourire léger, expression dynamique et passionnée, transmettant l'expertise."
    },
    "wardrobe": {
      "jacket": "Blazer décontracté bleu marine, coupe ajustée.",
      "shirt": "Chemise en coton blanc cassé, col ouvert (pas de cravate).",
      "accessories": "Montre minimaliste en cuir brun, alliance discrète."
    }
  },
  "action": {
    "sequences": [
      {
        "timing": "0-8 seconds",
        "primary_motion": "L'instructeur gesticule avec les mains pour souligner un point clé, puis se penche légèrement vers l'avant avec un hochement de tête affirmatif.",
        "camera_follows": "Initial action with detailed tracking"
      },
      {
        "timing": "8-14 seconds",
        "primary_motion": "Building on the initial action, the subject demonstrates additional aspects and benefits. The movement becomes more fluid and confident, showcasing expertise and comfort.",
        "camera_follows": "Wider shot revealing more context, then pushing in for detail"
      },
      {
        "timing": "14-20 seconds",
        "primary_motion": "The subject concludes with a moment of satisfaction - a knowing smile, a final appreciative glance, or a confident gesture that conveys success and approval of the result.",
        "camera_follows": "Close-up on emotional response and final impactful moment"
      }
    ],
    "total_duration": "20 seconds"
  },
  "scene": {
    "location": "Studio d'enregistrement professionnel d'e-learning, insonorisé.",
    "layout": {
      "width": "Fond uni gris anthracite ou bleu foncé, légèrement texturé.",
      "flooring": "Plancher de bois sombre, visible uniquement dans le bas du cadre.",
      "walls": "Panneaux acoustiques discrets sur les murs latéraux, éclairés subtilement."
    },
    "time_of_day": "Intérieur, éclairage contrôlé simulant un après-midi lumineux.",
    "environment": {
      "background": "Arrière-plan flou (bokeh) avec un logo de certification subtil et une plante verte minimaliste (Monstera) pour une touche de vie.",
      "temporal_progression": "Environment remains consistent throughout the 20-second narrative. Background elements may subtly shift focus as camera moves, but spatial continuity is maintained for coherent storytelling."
    }
  },
  "cinematography": {
    "lighting": {
      "primary_source": "Key light: Softbox octogonale de 120cm, positionnée à 45 degrés en haut à droite.",
      "quality": "Lumière douce et enveloppante (soft diffused) pour minimiser les ombres dures.",
      "color_temperature": "5600K (lumière du jour neutre) pour un look professionnel et propre.",
      "key_to_fill_ratio": "2:1 (contraste modéré, look corporate moderne).",
      "evolution": "Lighting remains consistent throughout the 20-second sequence, maintaining the established mood. Subtle adjustments in intensity during the final 6 seconds to emphasize the emotional climax and create visual impact."
    },
    "color_grading": {
      "palette": "Tons chauds pour la peau, tons froids pour l'arrière-plan (palette complémentaire).",
      "tone": "Étalonnage 'Clean & Crisp', légèrement désaturé pour un look professionnel, noirs profonds."
    }
  },
  "audio": {
    "ambient": "Silence de studio, très faible bruit de fond d'équipement de ventilation (HVAC).",
    "foley": "Sequence 1 (0-8s): Bruit de tissu subtil lors des mouvements de l'instructeur, claquement de doigts ou tapotement de main sur le bureau (si visible).. Sequence 2: Additional environmental sounds, subtle interactions with objects, breathing, fabric movement. Sequence 3: Final satisfying sound (smile, exhale, object placement), ambient fade.",
    "music": "Musique de fond instrumentale minimaliste et motivante, style 'corporate success', volume très bas. The score builds progressively over 20 seconds, starting subtly and crescendoing toward the final moment. Emotional peak at 14-18s, then resolving with a confident, memorable final chord at 20s.",
    "dialogue": "Voix de l'instructeur claire, riche et bien compressée, ton confiant et pédagogique."
  },
  "visual_rules": {
    "frame_purity": "without text overlays, logos unless branded, no subtitles, hyperrealistic skin texture and detail.",
    "quality_requirements": {
      "no_artifacts": true,
      "no_morphing": true,
      "no_unnatural_motion": true,
      "photorealism_level": "Cinematic 8K photorealism"
    },
    "realism": "Textures ultra-détaillées révélant la qualité premium des produits. Reflets environnementaux cohérents sur les surfaces brillantes. Éclairage trois points professionnel sculptant les formes. Détails macro visibles (grains, fibres, finitions).",
    "continuity": "Continuité des reflets environnementaux sur les surfaces. Maintien de la propreté et état des produits. Cohérence de l'éclairage ambiant et température de couleur. Fluidité des mouvements de caméra et transitions."
  },
  "technical_specifications": {
    "resolution": "4K (3840x2160)",
    "color_space": "Rec. 2020",
    "bit_depth": "10-bit",
    "output_quality": "ProRes 422 HQ equivalent, maximum detail retention.",
    "duration_seconds": 20
  }
}