{
  "shot": {
    "camera_system": "ARRI Alexa Mini LF",
    "primary_lens": "Zeiss Supreme Prime 35mm T1.5, ouverture T2.8",
    "composition": "Medium close-up (MCU) de l'instructeur, centré, avec une profondeur de champ faible (bokeh) pour isoler le sujet de l'arrière-plan de la salle de classe.",
    "camera_motion": "Sequence 1 (0-8s): Dolly in lent et subtil (push-in) de 8 secondes, augmentant l'intensité et la concentration sur l'instructeur.. Sequence 2 (8-12s): Smooth transition to wider establishing shot, then slow push-in to capture detail and emotion. Sequence 3 (12-20s): Final close-up with subtle dolly movement, ending on a confident, impactful frame.",
    "frame_rate": "24 fps (standard cinématique)",
    "aspect_ratio": "16:9"
  },
  "subject": {
    "identity": {
      "age": "Environ 30 ans",
      "gender": "Homme",
      "ethnicity": "Non spécifié, apparence professionnelle et moderne"
    },
    "physical": {
      "height": "Taille moyenne",
      "posture": "Debout, légèrement penché en avant, posture confiante et engageante",
      "features": "Barbe courte soignée, lunettes fines"
    },
    "facial_features": {
      "face_shape": "Ovale",
      "eyes": "Regard direct et passionné vers la caméra (simulant le contact visuel avec l'étudiant)",
      "hair": "Cheveux courts et modernes",
      "expression": "Sourire engageant et professionnel, expression de concentration et d'expertise"
    },
    "wardrobe": {
      "upper_body": "Chemise en denim foncé ajustée, manches retroussées aux avant-bras",
      "lower_body": "Pantalon chino gris anthracite",
      "accessories": "Montre connectée discrète"
    }
  },
  "action": {
    "sequences": [
      {
        "timing": "0-8 seconds",
        "primary_motion": "L'instructeur parle avec passion et utilise un geste de la main pour souligner un point clé sur l'écran derrière lui (hors champ).",
        "camera_follows": "Initial action with detailed tracking"
      },
      {
        "timing": "8-14 seconds",
        "primary_motion": "Building on the initial action, the subject demonstrates additional aspects and benefits. The movement becomes more fluid and confident, showcasing expertise and comfort.",
        "camera_follows": "Wider shot revealing more context, then pushing in for detail"
      },
      {
        "timing": "14-20 seconds",
        "primary_motion": "The subject concludes with a moment of satisfaction - a knowing smile, a final appreciative glance, or a confident gesture that conveys success and approval of the result.",
        "camera_follows": "Close-up on emotional response and final impactful moment"
      }
    ],
    "total_duration": "20 seconds"
  },
  "scene": {
    "location": "Salle de formation technologique moderne et lumineuse, style 'Silicon Valley'",
    "layout": {
      "width": "Grand espace ouvert",
      "flooring": "Béton ciré gris clair",
      "walls": "Mur d'accent en briques blanches ou panneau acoustique gris clair, écran de projection géant en arrière-plan flou"
    },
    "time_of_day": "Milieu de matinée (10h00)",
    "environment": {
      "background": "Rangées d'ordinateurs portables ouverts, quelques étudiants flous (bokeh) travaillant en arrière-plan, plantes d'intérieur modernes (sansevieria, monstera) pour une touche de vie.",
      "temporal_progression": "Environment remains consistent throughout the 20-second narrative. Background elements may subtly shift focus as camera moves, but spatial continuity is maintained for coherent storytelling."
    }
  },
  "cinematography": {
    "lighting": {
      "primary_source": "Lumière naturelle douce venant de grandes fenêtres latérales (lumière du jour)",
      "quality": "Soft diffused (softbox/parapluie) pour un éclairage flatteur et sans ombre dure",
      "color_temperature": "5600K (lumière du jour neutre)",
      "key_to_fill_ratio": "2:1 (légèrement contrasté pour le professionnalisme)",
      "evolution": "Lighting remains consistent throughout the 20-second sequence, maintaining the established mood. Subtle adjustments in intensity during the final 6 seconds to emphasize the emotional climax and create visual impact."
    },
    "color_grading": {
      "palette": "Teintes de bleu, gris et blanc cassé (palette tech/corporate)",
      "tone": "Clair, saturé, avec un léger grain cinématique pour l'hyperréalisme. Contraste élevé pour un look professionnel."
    }
  },
  "audio": {
    "ambient": "Bruit de fond très faible de clics de clavier, murmures d'étudiants, ventilation silencieuse de la salle.",
    "foley": "Sequence 1 (0-8s): Son clair et précis de la voix de l'instructeur (micro-cravate), un léger 'tap' de stylo sur une tablette.. Sequence 2: Additional environmental sounds, subtle interactions with objects, breathing, fabric movement. Sequence 3: Final satisfying sound (smile, exhale, object placement), ambient fade.",
    "music": "Musique de fond instrumentale inspirante et minimaliste, style 'tech corporate' (synthétiseurs doux, rythme léger). The score builds progressively over 20 seconds, starting subtly and crescendoing toward the final moment. Emotional peak at 14-18s, then resolving with a confident, memorable final chord at 20s."
  },
  "visual_rules": {
    "frame_purity": "Sans texte, sans logo visible (sauf si marque subtile sur l'ordinateur portable flou), pas de sous-titres.",
    "quality_requirements": {
      "no_artifacts": true,
      "no_morphing": true,
      "no_unnatural_motion": true
    },
    "realism": "Textures ultra-détaillées révélant la qualité premium des produits. Reflets environnementaux cohérents sur les surfaces brillantes. Éclairage trois points professionnel sculptant les formes. Détails macro visibles (grains, fibres, finitions).",
    "continuity": "Continuité des reflets environnementaux sur les surfaces. Maintien de la propreté et état des produits. Cohérence de l'éclairage ambiant et température de couleur. Fluidité des mouvements de caméra et transitions."
  },
  "technical_specifications": {
    "resolution": "4K (3840x2160)",
    "color_space": "Rec. 2020",
    "bit_depth": "10-bit",
    "output_quality": "ProRes 422 HQ eq.",
    "duration_seconds": 20
  }
}