{
  "shot": {
    "camera_system": "ARRI Alexa Mini LF",
    "primary_lens": "Zeiss Supreme Prime 50mm, T2.1",
    "composition": "Medium close-up (MCU) de la conseillère, légèrement décentrée (règle des tiers), avec une profondeur de champ très faible (bokeh) pour isoler le sujet et mettre l'accent sur son expression.",
    "camera_motion": "Sequence 1 (0-8s): Smooth Steadicam tracking, un très léger 'push-in' (zoom avant subtil) de 0.5 seconde sur le visage de la conseillère pour souligner un moment de confiance et de connexion.. Sequence 2 (8-12s): Smooth transition to wider establishing shot, then slow push-in to capture detail and emotion. Sequence 3 (12-20s): Final close-up with subtle dolly movement, ending on a confident, impactful frame.",
    "frame_rate": "24 fps (standard cinématique)",
    "aspect_ratio": "16:9"
  },
  "subject": {
    "identity": {
      "age": "40 ans, apparence professionnelle et expérimentée",
      "gender": "Femme",
      "ethnicity": "Caucasienne, teint clair"
    },
    "physical": {
      "height": "Taille moyenne",
      "posture": "Assise, droite, légèrement penchée en avant vers le client (hors champ) pour montrer l'écoute et l'engagement."
    },
    "facial_features": {
      "face_shape": "Ovale",
      "eyes": "Yeux marron, regard direct et rassurant",
      "hair": "Carré long, châtain foncé, coiffure soignée",
      "expression": "Sourire subtil, confiant et bienveillant, micro-expression de compréhension."
    },
    "wardrobe": {
      "jacket": "Blazer ajusté en laine froide bleu marine, coupe moderne",
      "shirt": "Chemise en soie blanche ou crème, col discret",
      "accessories": "Montre classique en acier, alliance fine, pas de bijoux ostentatoires."
    }
  },
  "action": {
    "sequences": [
      {
        "timing": "0-8 seconds",
        "primary_motion": "La conseillère hoche lentement la tête en signe d'approbation et de compréhension, puis prend une note brève et réfléchie sur un carnet en cuir.",
        "camera_follows": "Initial action with detailed tracking"
      },
      {
        "timing": "8-14 seconds",
        "primary_motion": "Building on the initial action, the subject demonstrates additional aspects and benefits. The movement becomes more fluid and confident, showcasing expertise and comfort.",
        "camera_follows": "Wider shot revealing more context, then pushing in for detail"
      },
      {
        "timing": "14-20 seconds",
        "primary_motion": "The subject concludes with a moment of satisfaction - a knowing smile, a final appreciative glance, or a confident gesture that conveys success and approval of the result.",
        "camera_follows": "Close-up on emotional response and final impactful moment"
      }
    ],
    "total_duration": "20 seconds"
  },
  "scene": {
    "location": "Bureau de consultation privé et élégant dans une banque de services financiers haut de gamme.",
    "layout": {
      "width": "Espace bien proportionné, bureau en bois sombre (noyer) et fauteuils en cuir clair.",
      "flooring": "Moquette épaisse de couleur neutre (gris perle).",
      "walls": "Murs peints en gris anthracite, un tableau abstrait discret sur le mur arrière."
    },
    "time_of_day": "Milieu de matinée (10h30).",
    "environment": {
      "background": "Flou artistique (bokeh) montrant une étagère de livres reliés et un trophée de verre discret, suggérant l'expertise et le succès. Lumière naturelle filtrée par une grande fenêtre à droite.",
      "temporal_progression": "Environment remains consistent throughout the 20-second narrative. Background elements may subtly shift focus as camera moves, but spatial continuity is maintained for coherent storytelling."
    }
  },
  "cinematography": {
    "lighting": {
      "primary_source": "Natural window light (lumière du jour douce) venant de la droite, servant de lumière principale.",
      "quality": "Soft diffused (lumière douce et flatteuse) avec un léger contre-jour pour séparer le sujet de l'arrière-plan.",
      "color_temperature": "5600K (lumière du jour neutre) avec une légère chaleur ajoutée en post-production (4500K) pour une ambiance 'trustworthy'.",
      "key_to_fill_ratio": "2:1 (ratio de contraste faible) pour un look professionnel et non dramatique.",
      "evolution": "Lighting remains consistent throughout the 20-second sequence, maintaining the established mood. Subtle adjustments in intensity during the final 6 seconds to emphasize the emotional climax and create visual impact."
    },
    "color_grading": {
      "palette": "Couleurs désaturées (bleu marine, gris, bois sombre) avec un accent sur les tons de peau chauds.",
      "tone": "Sérieux, confiant, et légèrement chaleureux (warm and trustworthy)."
    }
  },
  "audio": {
    "ambient": "Bruit de fond très faible et professionnel (climatisation silencieuse, bourdonnement lointain de la ville).",
    "foley": "Sequence 1 (0-8s): Bruit subtil du stylo sur le papier, léger froissement du tissu du blazer.. Sequence 2: Additional environmental sounds, subtle interactions with objects, breathing, fabric movement. Sequence 3: Final satisfying sound (smile, exhale, object placement), ambient fade.",
    "music": "Musique d'ambiance classique et discrète (piano solo ou cordes légères) avec un tempo lent. The score builds progressively over 20 seconds, starting subtly and crescendoing toward the final moment. Emotional peak at 14-18s, then resolving with a confident, memorable final chord at 20s.",
    "dialogue": "Non applicable (silence ou murmure inaudible)."
  },
  "visual_rules": {
    "frame_purity": "without text overlays, logos unless branded, no subtitles, no visible branding on the subject's clothing or accessories.",
    "quality_requirements": {
      "no_artifacts": true,
      "no_morphing": true,
      "no_unnatural_motion": true,
      "hyperrealism": true
    },
    "realism": "Ambiance chaleureuse avec éclairage d'accueil professionnel. Textures luxueuses des matériaux (bois, tissus, pierre). Détails d'aménagement haut de gamme. Service et interactions humaines authentiques.",
    "continuity": "Cohérence de l'ambiance lumineuse et sonore. Maintien du niveau de service et attention aux détails. Continuité du style décoratif et atmosphère. Fluidité de l'expérience client et interactions."
  },
  "technical_specifications": {
    "resolution": "4K (3840x2160)",
    "color_space": "Rec. 2020",
    "bit_depth": "10-bit",
    "output_quality": "ProRes 422 HQ eq.",
    "duration_seconds": 20
  }
}