{
  "shot": {
    "camera_system": "ARRI Alexa Mini LF",
    "primary_lens": "Zeiss Supreme Prime 85mm T1.5, focus sur le flacon",
    "composition": "Plan moyen (Medium Shot) centré sur le sujet et le flacon de parfum, règle des tiers pour l'arrière-plan flou (bokeh)",
    "camera_motion": "Sequence 1 (0-8s): Dolly in très lent et fluide, se terminant par un léger arrêt sur le geste élégant. Sequence 2 (8-12s): Smooth transition to wider establishing shot, then slow push-in to capture detail and emotion. Sequence 3 (12-20s): Final close-up with subtle dolly movement, ending on a confident, impactful frame.",
    "frame_rate": "24 fps (cinématique)",
    "aspect_ratio": "9:16 (vertical pour réseaux sociaux)"
  },
  "subject": {
    "identity": {
      "age": "30 ans",
      "gender": "Femme",
      "ethnicity": "Méditerranéenne, peau lisse et lumineuse"
    },
    "physical": {
      "height": "Taille mannequin",
      "posture": "Assise avec une posture droite et confiante, épaules légèrement inclinées"
    },
    "facial_features": {
      "face_shape": "Ovale",
      "eyes": "Maquillage 'smoky eyes' subtil, regard mystérieux et direct",
      "hair": "Cheveux longs, bruns, coiffés en vagues douces et brillantes",
      "expression": "Sourire subtil et énigmatique, expression de luxe et de sérénité"
    },
    "wardrobe": {
      "top": "Robe de soirée en soie noire, décolleté discret",
      "jewelry": "Collier fin en or blanc avec un petit diamant solitaire"
    }
  },
  "action": {
    "sequences": [
      {
        "timing": "0-8 seconds",
        "primary_motion": "La femme prend le flacon de parfum doré sur la table, le soulève lentement à hauteur de son visage, et effectue un geste délicat pour vaporiser une touche de parfum dans l'air. Le mouvement est extrêmement lent et gracieux.",
        "camera_follows": "Initial action with detailed tracking"
      },
      {
        "timing": "8-14 seconds",
        "primary_motion": "Building on the initial action, the subject demonstrates additional aspects and benefits. The movement becomes more fluid and confident, showcasing expertise and comfort.",
        "camera_follows": "Wider shot revealing more context, then pushing in for detail"
      },
      {
        "timing": "14-20 seconds",
        "primary_motion": "The subject concludes with a moment of satisfaction - a knowing smile, a final appreciative glance, or a confident gesture that conveys success and approval of the result.",
        "camera_follows": "Close-up on emotional response and final impactful moment"
      }
    ],
    "total_duration": "20 seconds"
  },
  "scene": {
    "location": "Suite d'hôtel de luxe parisienne, vue sur la Tour Eiffel floue en arrière-plan",
    "layout": {
      "width": "Espace intime et confiné",
      "flooring": "Parquet en bois sombre et brillant",
      "walls": "Murs recouverts de papier peint texturé doré et de moulures classiques",
      "furniture": "Table basse en marbre blanc, vase de roses blanches"
    },
    "time_of_day": "Début de soirée (19h00), lumière douce et tamisée",
    "environment": {
      "background": "Flou artistique (bokeh) d'un intérieur richement décoré, reflets dorés des lumières de la ville",
      "temporal_progression": "Environment remains consistent throughout the 20-second narrative. Background elements may subtly shift focus as camera moves, but spatial continuity is maintained for coherent storytelling."
    }
  },
  "cinematography": {
    "lighting": {
      "primary_source": "Lumière douce et chaude venant d'une grande fenêtre à droite (simulant la golden hour tardive)",
      "quality": "Éclairage doux et diffus (softbox géante) pour minimiser les ombres dures, créant un 'glow' sur la peau et le flacon",
      "color_temperature": "3200K (Tungstène chaud)",
      "key_to_fill_ratio": "4:1 (éclairage dramatique et contrasté)",
      "evolution": "Lighting remains consistent throughout the 20-second sequence, maintaining the established mood. Subtle adjustments in intensity during the final 6 seconds to emphasize the emotional climax and create visual impact."
    },
    "color_grading": {
      "palette": "Dominance de teintes or, noir et blanc cassé (Gold & Noir)",
      "tone": "Riche, saturé, avec des noirs profonds et des hautes lumières douces (Style 'Vogue' ou 'Chanel')"
    }
  },
  "audio": {
    "ambient": "Silence absolu, puis un très léger bruit de fond de la ville lointaine (trafic feutré)",
    "foley": "Sequence 1 (0-8s): Son cristallin et précis du flacon de parfum posé, puis le 'pschitt' subtil et aérien de la vaporisation. Sequence 2: Additional environmental sounds, subtle interactions with objects, breathing, fabric movement. Sequence 3: Final satisfying sound (smile, exhale, object placement), ambient fade.",
    "music": "Musique de chambre minimaliste (violoncelle solo) ou un beat électronique très lent et sophistiqué The score builds progressively over 20 seconds, starting subtly and crescendoing toward the final moment. Emotional peak at 14-18s, then resolving with a confident, memorable final chord at 20s."
  },
  "visual_rules": {
    "frame_purity": "without text overlays, logos unless branded, no subtitles, focus on hyperrealism and texture",
    "quality_requirements": {
      "no_artifacts": true,
      "no_morphing": true,
      "no_unnatural_motion": true,
      "texture_detail": "Extrême détail sur la texture de la soie, du marbre et du verre du flacon"
    },
    "realism": "Mouvements athlétiques fluides et biomécaniquement corrects. Anatomie musculaire définie avec transpiration crédible. Éclairage dynamique accentuant la forme physique. Effort et intensité visibles dans les expressions.",
    "continuity": "Progression logique de l'intensité de l'effort physique. Cohérence de la transpiration et signes de fatigue. Maintien de la posture et forme technique. Continuité de l'éclairage et motivation visible."
  },
  "technical_specifications": {
    "resolution": "4K (3840x2160)",
    "color_space": "Rec. 2020",
    "bit_depth": "10-bit",
    "output_quality": "ProRes 422 HQ eq.",
    "duration_seconds": 20
  }
}