{
  "shot": {
    "camera_system": "ARRI Alexa Mini LF",
    "primary_lens": "Zeiss Supreme Prime 35mm T1.5, wide open at T1.5 for shallow depth of field",
    "composition": "Medium shot, agent walking towards the camera, rule of thirds applied to place the agent slightly off-center, leading lines from the architecture.",
    "camera_motion": "Sequence 1 (0-8s): Smooth Steadicam tracking shot, slowly dollying in (push-in) to emphasize the agent's confidence and the space's grandeur.. Sequence 2 (8-12s): Smooth transition to wider establishing shot, then slow push-in to capture detail and emotion. Sequence 3 (12-20s): Final close-up with subtle dolly movement, ending on a confident, impactful frame.",
    "frame_rate": "24 fps (cinematic standard)",
    "aspect_ratio": "16:9"
  },
  "subject": {
    "identity": {
      "age": "32",
      "gender": "female",
      "ethnicity": "Mediterranean, professional and elegant appearance"
    },
    "physical": {
      "height": "170cm",
      "posture": "Confident, upright, professional gait"
    },
    "facial_features": {
      "face_shape": "Oval",
      "eyes": "Warm, focused gaze",
      "hair": "Sleek, professional mid-length bob",
      "expression": "Engaging, subtle, aspirational smile"
    },
    "wardrobe": {
      "suit": "Tailored, light beige linen suit (modern cut)",
      "accessories": "Minimalist gold jewelry, high-end leather watch"
    }
  },
  "action": {
    "sequences": [
      {
        "timing": "0-8 seconds",
        "primary_motion": "The agent smoothly walks through the open-plan living area of the penthouse, gesturing subtly towards the panoramic view with her right hand.",
        "camera_follows": "Initial action with detailed tracking"
      },
      {
        "timing": "8-14 seconds",
        "primary_motion": "Building on the initial action, the subject demonstrates additional aspects and benefits. The movement becomes more fluid and confident, showcasing expertise and comfort.",
        "camera_follows": "Wider shot revealing more context, then pushing in for detail"
      },
      {
        "timing": "14-20 seconds",
        "primary_motion": "The subject concludes with a moment of satisfaction - a knowing smile, a final appreciative glance, or a confident gesture that conveys success and approval of the result.",
        "camera_follows": "Close-up on emotional response and final impactful moment"
      }
    ],
    "total_duration": "20 seconds"
  },
  "scene": {
    "location": "Ultra-modern luxury penthouse living room, high floor, floor-to-ceiling windows.",
    "layout": {
      "width": "Spacious, open-plan area with minimalist, high-end Italian furniture (B&B Italia style)",
      "flooring": "Large format polished concrete or light oak parquet",
      "walls": "Textured white walls, one wall entirely glass with a breathtaking city skyline view",
      "decor": "Large abstract sculpture, high-end coffee table books, subtle floral arrangement"
    },
    "time_of_day": "Golden hour (late afternoon), sun streaming in from the west.",
    "environment": {
      "background": "Vibrant, slightly blurred city skyline at sunset, visible through the large windows",
      "temporal_progression": "Environment remains consistent throughout the 20-second narrative. Background elements may subtly shift focus as camera moves, but spatial continuity is maintained for coherent storytelling."
    }
  },
  "cinematography": {
    "lighting": {
      "primary_source": "Natural window light (backlight/rim light from the sunset)",
      "quality": "Soft diffused light, with sharp, long shadows from the low sun angle",
      "color_temperature": "Warm (3200K - 4000K) to enhance the golden hour effect and luxury feel",
      "key_to_fill_ratio": "2:1 (slightly dramatic, high contrast to emphasize luxury)",
      "evolution": "Lighting remains consistent throughout the 20-second sequence, maintaining the established mood. Subtle adjustments in intensity during the final 6 seconds to emphasize the emotional climax and create visual impact."
    },
    "color_grading": {
      "palette": "Warm neutrals (beige, cream, gold) and deep blues from the twilight sky.",
      "tone": "Aspirational, elegant, high-contrast cinematic look with slightly desaturated shadows and vibrant highlights."
    }
  },
  "audio": {
    "ambient": "Very low-level, distant city sounds (traffic, muffled sirens), subtle air conditioning hum.",
    "foley": "Sequence 1 (0-8s): Soft, controlled footsteps on the polished floor, subtle rustle of the linen suit.. Sequence 2: Additional environmental sounds, subtle interactions with objects, breathing, fabric movement. Sequence 3: Final satisfying sound (smile, exhale, object placement), ambient fade.",
    "music": "Uplifting, sophisticated, minimalist orchestral track (e.g., piano and strings) with a slow build. The score builds progressively over 20 seconds, starting subtly and crescendoing toward the final moment. Emotional peak at 14-18s, then resolving with a confident, memorable final chord at 20s.",
    "dialogue": "None (silent, visual focus)"
  },
  "visual_rules": {
    "frame_purity": "without text overlays, logos unless branded, no subtitles, no visible crew or equipment.",
    "quality_requirements": {
      "no_artifacts": true,
      "no_morphing": true,
      "no_unnatural_motion": true,
      "hyperrealism": "Photorealistic detail, perfect skin texture, natural light falloff"
    },
    "realism": "Mouvements athlétiques fluides et biomécaniquement corrects. Anatomie musculaire définie avec transpiration crédible. Éclairage dynamique accentuant la forme physique. Effort et intensité visibles dans les expressions.",
    "continuity": "Progression logique de l'intensité de l'effort physique. Cohérence de la transpiration et signes de fatigue. Maintien de la posture et forme technique. Continuité de l'éclairage et motivation visible."
  },
  "technical_specifications": {
    "resolution": "4K (3840x2160)",
    "color_space": "Rec. 2020",
    "bit_depth": "10-bit",
    "output_quality": "ProRes 422 HQ equivalent, maximum detail retention",
    "duration_seconds": 20
  }
}