{
  "shot": {
    "camera_system": "ARRI Alexa Mini LF",
    "primary_lens": "Zeiss Supreme Prime 50mm, T2.1",
    "composition": "Medium Close-Up (MCU) du chirurgien, angle légèrement bas pour autorité, règle des tiers appliquée",
    "camera_motion": "Sequence 1 (0-8s): Smooth Steadicam tracking, léger 'dolly in' de 0.5 seconde au début pour accentuer l'intimité. Sequence 2 (8-12s): Smooth transition to wider establishing shot, then slow push-in to capture detail and emotion. Sequence 3 (12-20s): Final close-up with subtle dolly movement, ending on a confident, impactful frame.",
    "frame_rate": "24 fps (Cinématique standard)",
    "aspect_ratio": "16:9"
  },
  "subject": {
    "identity": {
      "age": "48 ans",
      "gender": "homme",
      "ethnicity": "Caucasien, teint légèrement bronzé"
    },
    "physical": {
      "height": "180 cm",
      "posture": "Assis, droit, confiant, mains jointes sur le bureau",
      "demeanor": "Professionnel, empathique, autoritaire"
    },
    "facial_features": {
      "face_shape": "Ovale, mâchoire définie",
      "eyes": "Bleu-gris, regard direct et rassurant",
      "hair": "Court, poivre et sel, coiffé professionnellement",
      "expression": "Sourire subtil, concentré et bienveillant"
    },
    "wardrobe": {
      "upper_body": "Blouse médicale blanche immaculée par-dessus une chemise bleu ciel de haute qualité",
      "accessories": "Montre de luxe discrète en acier, alliance en or blanc"
    }
  },
  "action": {
    "sequences": [
      {
        "timing": "0-8 seconds",
        "primary_motion": "Le chirurgien hoche légèrement la tête en signe d'approbation, puis prend un stylo et pointe un document sur le bureau. Mouvement lent et mesuré.",
        "camera_follows": "Initial action with detailed tracking"
      },
      {
        "timing": "8-14 seconds",
        "primary_motion": "Building on the initial action, the subject demonstrates additional aspects and benefits. The movement becomes more fluid and confident, showcasing expertise and comfort.",
        "camera_follows": "Wider shot revealing more context, then pushing in for detail"
      },
      {
        "timing": "14-20 seconds",
        "primary_motion": "The subject concludes with a moment of satisfaction - a knowing smile, a final appreciative glance, or a confident gesture that conveys success and approval of the result.",
        "camera_follows": "Close-up on emotional response and final impactful moment"
      }
    ],
    "total_duration": "20 seconds"
  },
  "scene": {
    "location": "Bureau de consultation privé dans une clinique de chirurgie esthétique haut de gamme",
    "layout": {
      "width": "Spacieux, avec un grand bureau en bois sombre et deux fauteuils en cuir clair",
      "flooring": "Parquet en bois clair poli",
      "walls": "Murs peints en blanc cassé, avec un diplôme encadré et une œuvre d'art abstraite minimaliste"
    },
    "time_of_day": "Milieu de matinée (10h30)",
    "environment": {
      "background": "Flou artistique (bokeh) sur une fenêtre laissant apercevoir un jardin soigné, symbolisant la sérénité et la nature",
      "props": "Un carnet de notes ouvert, un verre d'eau cristallin, un modèle anatomique discret",
      "temporal_progression": "Environment remains consistent throughout the 20-second narrative. Background elements may subtly shift focus as camera moves, but spatial continuity is maintained for coherent storytelling."
    }
  },
  "cinematography": {
    "lighting": {
      "primary_source": "Lumière naturelle douce provenant d'une grande fenêtre (soft window light) en tant que Key Light",
      "quality": "Soft diffused, éclairage flatteur sans ombres dures",
      "color_temperature": "5600K (Lumière du jour neutre), légèrement réchauffée par la lumière d'appoint",
      "key_to_fill_ratio": "2:1 (Contraste modéré pour un look professionnel et rassurant)",
      "evolution": "Lighting remains consistent throughout the 20-second sequence, maintaining the established mood. Subtle adjustments in intensity during the final 6 seconds to emphasize the emotional climax and create visual impact."
    },
    "color_grading": {
      "palette": "Tons neutres, blancs purs, bleus et verts subtils (couleurs médicales apaisantes)",
      "tone": "Calme, professionnel, luxueux et très légèrement désaturé pour un look cinématographique mature"
    }
  },
  "audio": {
    "ambient": "Bruit de fond très faible d'une clinique calme (murmures lointains, climatisation discrète)",
    "foley": "Sequence 1 (0-8s): Bruit subtil du stylo touchant le papier, léger froissement de la blouse. Sequence 2: Additional environmental sounds, subtle interactions with objects, breathing, fabric movement. Sequence 3: Final satisfying sound (smile, exhale, object placement), ambient fade.",
    "music": "Musique de fond instrumentale très douce et minimaliste (piano et cordes), tempo lent The score builds progressively over 20 seconds, starting subtly and crescendoing toward the final moment. Emotional peak at 14-18s, then resolving with a confident, memorable final chord at 20s.",
    "dialogue": "Aucun dialogue"
  },
  "visual_rules": {
    "frame_purity": "without text overlays, logos unless branded, no subtitles, focus on hyperrealism and texture detail",
    "quality_requirements": {
      "no_artifacts": true,
      "no_morphing": true,
      "no_unnatural_motion": true,
      "hyperrealism_level": "Extreme photorealism, focus on skin texture and fabric detail"
    },
    "realism": "Ambiance chaleureuse avec éclairage d'accueil professionnel. Textures luxueuses des matériaux (bois, tissus, pierre). Détails d'aménagement haut de gamme. Service et interactions humaines authentiques.",
    "continuity": "Cohérence de l'ambiance lumineuse et sonore. Maintien du niveau de service et attention aux détails. Continuité du style décoratif et atmosphère. Fluidité de l'expérience client et interactions."
  },
  "technical_specifications": {
    "resolution": "4K (3840x2160)",
    "color_space": "Rec. 2020",
    "bit_depth": "10-bit",
    "output_quality": "ProRes 422 HQ eq.",
    "render_engine_focus": "Coherence of subject's expression and action",
    "duration_seconds": 20
  }
}