{
  "shot": {
    "camera_system": "ARRI Alexa Mini LF",
    "primary_lens": "Zeiss Supreme Prime 50mm T1.5, focus sur le visage",
    "composition": "Medium close-up, règle des tiers, sujet légèrement décentré",
    "camera_motion": "Sequence 1 (0-8s): Gimbal smooth motion, léger travelling avant (dolly in) de 0.5m. Sequence 2 (8-12s): Smooth transition to wider establishing shot, then slow push-in to capture detail and emotion. Sequence 3 (12-20s): Final close-up with subtle dolly movement, ending on a confident, impactful frame.",
    "frame_rate": "24 fps",
    "aspect_ratio": "16:9"
  },
  "subject": {
    "identity": {
      "age": "34 ans",
      "gender": "Femme",
      "ethnicity": "Caucasienne, teint clair"
    },
    "physical": {
      "height": "170 cm",
      "posture": "Élégante et concentrée, mains délicates"
    },
    "facial_features": {
      "face_shape": "Ovale",
      "eyes": "Verts, regard doux et expert",
      "hair": "Châtain clair, coiffure soignée en chignon bas",
      "expression": "Concentration sereine, léger sourire aux lèvres"
    },
    "wardrobe": {
      "top": "Blouse en soie couleur crème, col montant discret",
      "bottom": "Jupe crayon en laine fine gris perle",
      "accessories": "Montre fine en or rose, aucun autre bijou"
    }
  },
  "action": {
    "sequences": [
      {
        "timing": "0-8 seconds",
        "primary_motion": "La sommelière soulève délicatement une petite tasse de thé en porcelaine blanche, la porte à ses lèvres, prend une petite gorgée, puis ferme les yeux pour savourer l'arôme. Elle repose la tasse avec grâce.",
        "camera_follows": "Initial action with detailed tracking"
      },
      {
        "timing": "8-14 seconds",
        "primary_motion": "Building on the initial action, the subject demonstrates additional aspects and benefits. The movement becomes more fluid and confident, showcasing expertise and comfort.",
        "camera_follows": "Wider shot revealing more context, then pushing in for detail"
      },
      {
        "timing": "14-20 seconds",
        "primary_motion": "The subject concludes with a moment of satisfaction - a knowing smile, a final appreciative glance, or a confident gesture that conveys success and approval of the result.",
        "camera_follows": "Close-up on emotional response and final impactful moment"
      }
    ],
    "total_duration": "20 seconds"
  },
  "scene": {
    "location": "Boutique de thé haut de gamme, 'Le Jardin des Thés', ambiance feutrée",
    "layout": {
      "width": "Arrière-plan flou (bokeh) montrant des étagères en bois sombre remplies de boîtes de thé élégantes",
      "flooring": "Parquet en chêne foncé poli",
      "walls": "Murs peints en vert sauge profond, éclairage indirect"
    },
    "time_of_day": "Milieu d'après-midi (15h00)",
    "environment": {
      "background": "Vapeur subtile s'échappant de la théière en fonte noire, quelques feuilles de thé séchées sur le comptoir en marbre blanc",
      "temporal_progression": "Environment remains consistent throughout the 20-second narrative. Background elements may subtly shift focus as camera moves, but spatial continuity is maintained for coherent storytelling."
    }
  },
  "cinematography": {
    "lighting": {
      "primary_source": "Lumière naturelle douce venant d'une grande fenêtre latérale (soft window light)",
      "quality": "Soft diffused, lumière de remplissage minimale pour un contraste modéré",
      "color_temperature": "3200K (Warm Tungsten) pour une ambiance cosy",
      "key_to_fill_ratio": "3:1 (légèrement dramatique)",
      "evolution": "Lighting remains consistent throughout the 20-second sequence, maintaining the established mood. Subtle adjustments in intensity during the final 6 seconds to emphasize the emotional climax and create visual impact."
    },
    "color_grading": {
      "palette": "Tons terreux (vert sauge, crème, bois sombre) avec des accents de blanc pur (porcelaine)",
      "tone": "Raffiné, élégant, légèrement sous-exposé pour une atmosphère luxueuse"
    }
  },
  "audio": {
    "ambient": "Bruit de fond très faible de la boutique (murmures lointains, cliquetis de porcelaine)",
    "foley": "Sequence 1 (0-8s): Son cristallin du contact de la tasse avec les lèvres, léger soupir de satisfaction, bruit de la tasse reposée sur le marbre. Sequence 2: Additional environmental sounds, subtle interactions with objects, breathing, fabric movement. Sequence 3: Final satisfying sound (smile, exhale, object placement), ambient fade.",
    "music": "Musique de fond instrumentale très douce, style jazz lounge ou musique classique japonaise The score builds progressively over 20 seconds, starting subtly and crescendoing toward the final moment. Emotional peak at 14-18s, then resolving with a confident, memorable final chord at 20s."
  },
  "visual_rules": {
    "frame_purity": "without text overlays, logos unless branded, no subtitles, focus on texture and emotion",
    "quality_requirements": {
      "no_artifacts": true,
      "no_morphing": true,
      "no_unnatural_motion": true
    },
    "realism": "Ambiance chaleureuse avec éclairage d'accueil professionnel. Textures luxueuses des matériaux (bois, tissus, pierre). Détails d'aménagement haut de gamme. Service et interactions humaines authentiques.",
    "continuity": "Cohérence de l'ambiance lumineuse et sonore. Maintien du niveau de service et attention aux détails. Continuité du style décoratif et atmosphère. Fluidité de l'expérience client et interactions."
  },
  "technical_specifications": {
    "resolution": "4K (3840x2160)",
    "color_space": "Rec. 2020",
    "bit_depth": "10-bit",
    "output_quality": "ProRes 422 HQ eq.",
    "duration_seconds": 20
  }
}