{
  "shot": {
    "camera_system": "ARRI Alexa Mini LF",
    "primary_lens": "Zeiss Supreme Prime 35mm, T2.1",
    "composition": "Medium shot, eye-level, focusing on the family and the central dining table. Rule of thirds applied to the main subject.",
    "camera_motion": "Sequence 1 (0-8s): Slow, smooth 8-second dolly-in, starting from a wide view of the table and ending on the parents' warm interaction.. Sequence 2 (8-12s): Smooth transition to wider establishing shot, then slow push-in to capture detail and emotion. Sequence 3 (12-20s): Final close-up with subtle dolly movement, ending on a confident, impactful frame.",
    "frame_rate": "24 fps",
    "aspect_ratio": "16:9"
  },
  "subject": {
    "identity": {
      "age": "35-40 years old (Parents), 8-10 years old (Child)",
      "gender": "One male, one female parent, one female child",
      "ethnicity": "Caucasian, diverse"
    },
    "physical": {
      "height": "Average height, natural posture",
      "posture": "Relaxed, engaged in conversation, leaning slightly towards the center of the table"
    },
    "facial_features": {
      "face_shape": "Varied, natural",
      "eyes": "Warm, focused on each other",
      "hair": "Clean, modern styles",
      "expression": "Genuine smiles, warm, convivial, relaxed"
    },
    "wardrobe": {
      "male_parent": "Dark blue linen shirt, modern, casual-elegant",
      "female_parent": "Light beige knit sweater, minimalist jewelry",
      "child": "Simple, light-colored cotton dress"
    }
  },
  "action": {
    "sequences": [
      {
        "timing": "0-8 seconds",
        "primary_motion": "The family is seated, gently interacting. The mother passes a dish. The father pours water. The child laughs softly.",
        "camera_follows": "Initial action with detailed tracking"
      },
      {
        "timing": "8-14 seconds",
        "primary_motion": "Building on the initial action, the subject demonstrates additional aspects and benefits. The movement becomes more fluid and confident, showcasing expertise and comfort.",
        "camera_follows": "Wider shot revealing more context, then pushing in for detail"
      },
      {
        "timing": "14-20 seconds",
        "primary_motion": "The subject concludes with a moment of satisfaction - a knowing smile, a final appreciative glance, or a confident gesture that conveys success and approval of the result.",
        "camera_follows": "Close-up on emotional response and final impactful moment"
      }
    ],
    "total_duration": "20 seconds"
  },
  "scene": {
    "location": "Modern, open-plan dining room in a high-end apartment",
    "layout": {
      "width": "Spacious, with clean lines and minimalist decor",
      "flooring": "Light oak hardwood floor",
      "walls": "Matte white walls, one wall with a large, framed abstract art piece",
      "furniture": "Central design dining table (the product), four matching chairs, a minimalist sideboard"
    },
    "time_of_day": "Early evening (7:00 PM)",
    "environment": {
      "background": "Large window showing a soft, blurred city skyline at dusk, out of focus (bokeh)",
      "props": "Minimalist ceramic dinnerware, a single, low floral centerpiece, wine glasses, and water carafe",
      "temporal_progression": "Environment remains consistent throughout the 20-second narrative. Background elements may subtly shift focus as camera moves, but spatial continuity is maintained for coherent storytelling."
    }
  },
  "cinematography": {
    "lighting": {
      "primary_source": "Soft, warm overhead pendant light (key light) directly above the table",
      "quality": "Soft diffused light, creating warm highlights and gentle shadows",
      "color_temperature": "3200K (Warm tungsten)",
      "key_to_fill_ratio": "2:1 (High-key, inviting atmosphere)",
      "evolution": "Lighting remains consistent throughout the 20-second sequence, maintaining the established mood. Subtle adjustments in intensity during the final 6 seconds to emphasize the emotional climax and create visual impact."
    },
    "color_grading": {
      "palette": "Warm neutrals (beige, white, oak) with accents of deep blue and green from the food and art",
      "tone": "Elegant, warm, and inviting. Slightly desaturated blacks for a cinematic look."
    }
  },
  "audio": {
    "ambient": "Very low-level, distant city hum, subtle clinking of cutlery",
    "foley": "Sequence 1 (0-8s): Soft scraping of chairs, gentle pour of water, quiet chewing sounds (minimalist). Sequence 2: Additional environmental sounds, subtle interactions with objects, breathing, fabric movement. Sequence 3: Final satisfying sound (smile, exhale, object placement), ambient fade.",
    "music": "None, or extremely subtle, non-intrusive acoustic guitar instrumental track (optional, prefer none) The score builds progressively over 20 seconds, starting subtly and crescendoing toward the final moment. Emotional peak at 14-18s, then resolving with a confident, memorable final chord at 20s."
  },
  "visual_rules": {
    "frame_purity": "without text overlays, logos unless branded (the table), no subtitles, no visible camera crew or reflections",
    "quality_requirements": {
      "no_artifacts": true,
      "no_morphing": true,
      "no_unnatural_motion": true,
      "hyperrealism": true
    },
    "realism": "Mouvements athlétiques fluides et biomécaniquement corrects. Anatomie musculaire définie avec transpiration crédible. Éclairage dynamique accentuant la forme physique. Effort et intensité visibles dans les expressions.",
    "continuity": "Progression logique de l'intensité de l'effort physique. Cohérence de la transpiration et signes de fatigue. Maintien de la posture et forme technique. Continuité de l'éclairage et motivation visible."
  },
  "technical_specifications": {
    "resolution": "4K (3840x2160)",
    "color_space": "Rec. 2020",
    "bit_depth": "10-bit",
    "output_quality": "ProRes 422 HQ eq.",
    "duration_seconds": 20
  }
}