{
  "shot": {
    "camera_system": "ARRI Alexa Mini LF",
    "primary_lens": "Zeiss Supreme Prime 35mm T1.5, focus sur les mains",
    "composition": "Medium close-up, règle des tiers, sujet légèrement décentré",
    "camera_motion": "Sequence 1 (0-8s): Handheld documentary style, léger mouvement de respiration, léger push-in final. Sequence 2 (8-12s): Smooth transition to wider establishing shot, then slow push-in to capture detail and emotion. Sequence 3 (12-20s): Final close-up with subtle dolly movement, ending on a confident, impactful frame.",
    "frame_rate": "24 fps",
    "aspect_ratio": "16:9"
  },
  "subject": {
    "identity": {
      "age": "38 ans",
      "gender": "Homme",
      "ethnicity": "Caucasien"
    },
    "physical": {
      "height": "180 cm",
      "posture": "Concentré, précis, professionnel"
    },
    "facial_features": {
      "face_shape": "Ovale",
      "eyes": "Intenses, fixant la tâche",
      "hair": "Court, soigné",
      "expression": "Sérieux, passionné"
    },
    "wardrobe": {
      "jacket": "Veste de chef blanche immaculée, col noir brodé",
      "apron": "Tablier en toile cirée bleu marine, noué à la taille"
    }
  },
  "action": {
    "sequences": [
      {
        "timing": "0-8 seconds",
        "primary_motion": "Le chef exécute la finition précise d'un plat signature (dressage minutieux d'une sauce ou d'une herbe), ses mains sont le point focal.",
        "camera_follows": "Initial action with detailed tracking"
      },
      {
        "timing": "8-14 seconds",
        "primary_motion": "Building on the initial action, the subject demonstrates additional aspects and benefits. The movement becomes more fluid and confident, showcasing expertise and comfort.",
        "camera_follows": "Wider shot revealing more context, then pushing in for detail"
      },
      {
        "timing": "14-20 seconds",
        "primary_motion": "The subject concludes with a moment of satisfaction - a knowing smile, a final appreciative glance, or a confident gesture that conveys success and approval of the result.",
        "camera_follows": "Close-up on emotional response and final impactful moment"
      }
    ],
    "total_duration": "20 seconds"
  },
  "scene": {
    "location": "Cuisine professionnelle de restaurant gastronomique (inox brossé, surfaces propres)",
    "layout": {
      "width": "Étroit, focus sur le plan de travail en marbre",
      "flooring": "Carrelage antidérapant gris foncé",
      "walls": "Murs en inox brossé, étagères d'ustensiles en arrière-plan flou"
    },
    "time_of_day": "Début de soirée (service)",
    "environment": {
      "background": "Légère vapeur s'échappant d'une marmite lointaine, activité floue des commis",
      "temporal_progression": "Environment remains consistent throughout the 20-second narrative. Background elements may subtly shift focus as camera moves, but spatial continuity is maintained for coherent storytelling."
    }
  },
  "cinematography": {
    "lighting": {
      "primary_source": "Lumière douce et directionnelle (softbox) venant de la droite, simulant une fenêtre de cuisine",
      "quality": "Soft diffused, met en valeur les textures du plat",
      "color_temperature": "3200K (Tungstène chaud, professionnel)",
      "key_to_fill_ratio": "4:1 (Contraste modéré pour un look documentaire)",
      "evolution": "Lighting remains consistent throughout the 20-second sequence, maintaining the established mood. Subtle adjustments in intensity during the final 6 seconds to emphasize the emotional climax and create visual impact."
    },
    "color_grading": {
      "palette": "Tons chauds et saturés (or, brun, rouge) pour le plat, tons froids (bleu, gris) pour l'environnement",
      "tone": "Riche, profond, authentique"
    }
  },
  "audio": {
    "ambient": "Bruit de fond de cuisine professionnelle (cliquetis d'ustensiles, chuchotements, hotte aspirante)",
    "foley": "Sequence 1 (0-8s): Son net et précis de la pince déposant l'élément, léger grattement de la spatule sur le marbre. Sequence 2: Additional environmental sounds, subtle interactions with objects, breathing, fabric movement. Sequence 3: Final satisfying sound (smile, exhale, object placement), ambient fade.",
    "music": "Aucune musique, seulement l'ambiance sonore naturelle The score builds progressively over 20 seconds, starting subtly and crescendoing toward the final moment. Emotional peak at 14-18s, then resolving with a confident, memorable final chord at 20s."
  },
  "visual_rules": {
    "frame_purity": "without text overlays, logos unless branded, no subtitles, hyperrealistic quality",
    "quality_requirements": {
      "no_artifacts": true,
      "no_morphing": true,
      "no_unnatural_motion": true
    },
    "realism": "Rendu hyperréaliste des produits avec finitions premium visibles. Éclairage commercial mettant en valeur les caractéristiques clés. Textures matérielles précises (bois, métal, verre, plastique). Profondeur de champ sélective dirigeant l'attention.",
    "continuity": "Cohérence de la présentation et mise en scène des produits. Maintien de l'ambiance retail et identité de marque. Continuité de l'éclairage commercial et signalétique. Fluidité du parcours d'achat et découverte."
  },
  "technical_specifications": {
    "resolution": "4K (3840x2160)",
    "color_space": "Rec. 2020",
    "bit_depth": "10-bit",
    "output_quality": "ProRes 422 HQ eq.",
    "duration_seconds": 20
  }
}