{
  "shot": {
    "camera_system": "ARRI Alexa Mini LF",
    "primary_lens": "Zeiss Supreme Prime 35mm, T2.0",
    "composition": "Medium close-up, couple centré, règle des tiers pour l'horizon, bokeh doux en arrière-plan.",
    "camera_motion": "Sequence 1 (0-8s): Gimbal smooth motion, léger travelling avant (dolly in) de 1 mètre, très lent et stable.. Sequence 2 (8-12s): Smooth transition to wider establishing shot, then slow push-in to capture detail and emotion. Sequence 3 (12-20s): Final close-up with subtle dolly movement, ending on a confident, impactful frame.",
    "frame_rate": "24 fps",
    "aspect_ratio": "16:9"
  },
  "subject": {
    "identity": {
      "age": "35 ans",
      "gender": "Homme et Femme",
      "ethnicity": "Méditerranéenne et Caucasienne"
    },
    "physical": {
      "height": "175cm (homme), 168cm (femme)",
      "posture": "Détendu, souriant, main dans la main, marchant lentement."
    },
    "facial_features": {
      "face_shape": "Ovale (femme), Carré (homme)",
      "eyes": "Regard complice, yeux plissés par le soleil.",
      "hair": "Cheveux longs ondulés et légèrement mouillés (femme), courts et soignés (homme).",
      "expression": "Sincèrement heureux, serein, aspirationnel."
    },
    "wardrobe": {
      "homme": "Chemise en lin blanc ouverte, short de bain bleu marine, lunettes de soleil de marque.",
      "femme": "Robe d'été fluide couleur sable, chapeau de paille à large bord, bijoux discrets en or."
    }
  },
  "action": {
    "sequences": [
      {
        "timing": "0-8 seconds",
        "primary_motion": "Le couple marche lentement sur le sable blanc, les pieds dans l'eau peu profonde, se regardant avec affection.",
        "camera_follows": "Initial action with detailed tracking"
      },
      {
        "timing": "8-14 seconds",
        "primary_motion": "Building on the initial action, the subject demonstrates additional aspects and benefits. The movement becomes more fluid and confident, showcasing expertise and comfort.",
        "camera_follows": "Wider shot revealing more context, then pushing in for detail"
      },
      {
        "timing": "14-20 seconds",
        "primary_motion": "The subject concludes with a moment of satisfaction - a knowing smile, a final appreciative glance, or a confident gesture that conveys success and approval of the result.",
        "camera_follows": "Close-up on emotional response and final impactful moment"
      }
    ],
    "total_duration": "20 seconds"
  },
  "scene": {
    "location": "Plage privée d'un resort de luxe aux Maldives (ou similaire).",
    "layout": {
      "width": "Vaste étendue de sable blanc pur",
      "flooring": "Sable fin et poudreux, eau turquoise cristalline",
      "walls": "Palmiers luxuriants et végétation tropicale en arrière-plan lointain"
    },
    "time_of_day": "Golden hour (17h30), soleil bas sur l'horizon.",
    "environment": {
      "background": "Océan turquoise calme, quelques bungalows sur pilotis flous à l'horizon, ciel légèrement orangé et rose.",
      "temporal_progression": "Environment remains consistent throughout the 20-second narrative. Background elements may subtly shift focus as camera moves, but spatial continuity is maintained for coherent storytelling."
    }
  },
  "cinematography": {
    "lighting": {
      "primary_source": "Soleil de la Golden Hour, bas et chaud.",
      "quality": "Soft diffused, lumière enveloppante et douce.",
      "color_temperature": "Warm (3200K - 4000K), teintes dorées et ambrées.",
      "key_to_fill_ratio": "2:1, ombres douces et peu profondes.",
      "evolution": "Lighting remains consistent throughout the 20-second sequence, maintaining the established mood. Subtle adjustments in intensity during the final 6 seconds to emphasize the emotional climax and create visual impact."
    },
    "color_grading": {
      "palette": "Tons chauds (or, sable, turquoise), contraste moyen, saturation légèrement augmentée pour un look 'travel aspirationnel'.",
      "tone": "Romantique, luxueux, serein, aspirationnel."
    }
  },
  "audio": {
    "ambient": "Bruit des vagues douces, vent léger dans les palmiers, cris lointains d'oiseaux tropicaux.",
    "foley": "Sequence 1 (0-8s): Bruit de pas étouffés sur le sable mouillé, froissement des vêtements en lin.. Sequence 2: Additional environmental sounds, subtle interactions with objects, breathing, fabric movement. Sequence 3: Final satisfying sound (smile, exhale, object placement), ambient fade.",
    "music": "Musique d'ambiance chill-out/lounge, mélodie douce au piano et percussions légères. The score builds progressively over 20 seconds, starting subtly and crescendoing toward the final moment. Emotional peak at 14-18s, then resolving with a confident, memorable final chord at 20s."
  },
  "visual_rules": {
    "frame_purity": "without text overlays, logos unless branded, no subtitles, no visible camera equipment.",
    "quality_requirements": {
      "no_artifacts": true,
      "no_morphing": true,
      "no_unnatural_motion": true,
      "hyperrealism": "Photorealistic, cinematic quality, depth of field accurate to T2.0."
    },
    "realism": "Physique réaliste des liquides et aliments (versement, vapeur, condensation). Couleurs vibrantes et appétissantes sous éclairage optimal. Détails macro des textures alimentaires (brillance, humidité). Composition visuelle professionnelle de food styling.",
    "continuity": "Cohérence de la vapeur, condensation et état frais des aliments. Maintien des couleurs vibrantes et textures appétissantes. Continuité de l'éclairage food styling. Fluidité des mouvements de préparation et service."
  },
  "technical_specifications": {
    "resolution": "4K (3840x2160)",
    "color_space": "Rec. 2020",
    "bit_depth": "10-bit",
    "output_quality": "ProRes 422 HQ eq.",
    "ai_model_preference": "Sora 2 or Veo 3",
    "duration_seconds": 20
  }
}