ID,Caméra,Objectif,Secteur,Durée,Résolution
1,ARRI Alexa Mini LF,"Zeiss Supreme Prime 35mm T1.5, focus pull from screen to subject's face",Marketing,20s,4K (3840x2160)
2,ARRI Alexa Mini LF,"Zeiss Supreme Prime 85mm T1.5, wide open (T1.5) for shallow depth of field",Marketing,20s,4K (3840x2160)
3,ARRI Alexa Mini LF,Zeiss Supreme Prime 35mm T1.5,Marketing,20s,4K (3840x2160)
4,ARRI Alexa Mini LF,Zeiss Supreme Prime 50mm T1.5,Marketing,20s,4K (3840x2160)
5,ARRI Alexa Mini LF,"Zeiss Supreme Prime 35mm T1.5, focus sur les mains",Marketing,20s,4K (3840x2160)
6,ARRI Alexa Mini LF,"Zeiss Supreme Prime 35mm T1.5, focus sur le véhicule",Marketing,20s,4K (3840x2160)
7,ARRI Alexa Mini LF,"Zeiss Supreme Prime 35mm T1.5, wide open at T1.5 for shallow depth of field",Marketing,20s,4K (3840x2160)
8,ARRI Alexa Mini LF,"Zeiss Supreme Prime 35mm T1.5, wide open at T1.5 for shallow depth of field",Marketing,20s,4K (3840x2160)
9,RED Komodo 6K,"Zeiss Supreme Prime 35mm, T1.5",Marketing,20s,4K (3840x2160)
10,ARRI Alexa Mini LF,"Zeiss Supreme Prime 50mm, T2.1",Marketing,20s,4K (3840x2160)
11,ARRI Alexa Mini LF,"Zeiss Supreme Prime 35mm, T2.1",Marketing,20s,4K (3840x2160)
12,ARRI Alexa Mini LF,"Zeiss Supreme Prime 35mm, T2.1",Marketing,20s,4K (3840x2160)
13,Sony Venice 2,"Zeiss Supreme Prime 35mm T1.5, ouverture T2.8",Marketing,20s,4K (3840x2160)
14,Sony Venice with Rialto Extension System,"Zeiss Supreme Prime 35mm T1.5, wide open (T1.5) for shallow depth of field",Marketing,20s,4K (3840x2160)
15,ARRI Alexa Mini LF,Zeiss Supreme Prime 35mm T1.5,Marketing,20s,4K (3840x2160)
16,RED Komodo 6K,"Zeiss Supreme Prime 25mm, T2.1",Marketing,20s,4K (3840x2160) upscalé pour le 9:16
17,ARRI Alexa Mini LF,"Zeiss Supreme Prime 85mm T1.5, focus sur le flacon",Marketing,20s,4K (3840x2160)
18,ARRI Alexa Mini LF,"Zeiss Supreme Prime 35mm, T1.8",Marketing,20s,4K (3840x2160)
19,RED Komodo 6K,"Zeiss Supreme Prime 35mm, T1.5",Marketing,20s,4K (3840x2160)
20,ARRI Alexa Mini LF,"Zeiss Supreme Prime 50mm, T2.1",Marketing,20s,4K (3840x2160)
21,ARRI Alexa Mini LF,"Zeiss Supreme Prime 35mm, T1.3",Marketing,20s,4K (3840x2160)
22,ARRI Alexa Mini LF,"Zeiss Supreme Prime 18mm, T2.8",Marketing,20s,4K (3840x2160)
23,ARRI Alexa Mini LF,"Zeiss Supreme Prime 35mm, T2.1",Marketing,20s,4K (3840x2160)
24,ARRI Alexa Mini LF,"Zeiss Supreme Prime 35mm T1.5, with a soft diffusion filter (Pro-Mist 1/4)",Marketing,20s,4K (3840x2160)
25,ARRI Alexa Mini LF,"Zeiss Supreme Prime 50mm, T2.1",Marketing,20s,4K (3840x2160)
26,ARRI Alexa Mini LF,"Zeiss Supreme Prime 35mm, T2.0",Marketing,20s,4K (3840x2160)
27,ARRI Alexa Mini LF,"Zeiss Supreme Prime 35mm, T2.1",Marketing,20s,4K (3840x2160)
28,ARRI Alexa Mini LF,Zeiss Supreme Prime 35mm T1.5,Marketing,20s,4K (3840x2160)
29,RED Komodo 6K,"Zeiss Supreme Prime 35mm, T1.5",Marketing,20s,4K (3840x2160)
30,ARRI Alexa Mini LF,"Zeiss Supreme Prime 50mm, T2.1",Marketing,20s,4K (3840x2160)
31,RED Komodo 6K,"Zeiss Supreme Prime 35mm, T1.5",Marketing,20s,4K (3840x2160)
32,ARRI Alexa Mini LF,"Zeiss Supreme Prime 50mm T1.5, f/2.0",Marketing,20s,4K (3840x2160)
33,ARRI Alexa Mini LF,"Zeiss Supreme Prime 25mm, T2.1",Marketing,20s,4K (3840x2160)
34,ARRI Alexa Mini LF,Zeiss Supreme Prime 50mm T1.5,Marketing,20s,4K (3840x2160)
35,RED Komodo 6K,"Zeiss Supreme Prime 50mm, T1.5",Marketing,20s,4K (3840x2160)
36,ARRI Alexa Mini LF,Zeiss Supreme Prime 35mm T1.5,Marketing,20s,4K (3840x2160)
37,ARRI Alexa Mini LF,"Zeiss Supreme Prime 35mm T1.5, focus sur le sujet",Marketing,20s,4K (3840x2160)
38,ARRI Alexa Mini LF,"Zeiss Supreme Prime 35mm, T1.5",Marketing,20s,4K (3840x2160)
39,RED Komodo 6K,"Sigma Cine FF 35mm T1.5, ouverture T2.8",Marketing,20s,4K (3840x2160) upscaled to 6K for maximum detail
40,ARRI Alexa Mini LF,"Zeiss Supreme Prime 50mm, T2.1",Marketing,20s,4K (3840x2160)
41,ARRI Alexa Mini LF,"Zeiss Supreme Prime 50mm, T2.1",Marketing,20s,4K (3840x2160)
42,ARRI Alexa Mini LF,"Zeiss Supreme Prime 35mm, T2.1",Marketing,20s,4K (3840x2160)
43,ARRI Alexa Mini LF,"Zeiss Supreme Prime 35mm T1.5, ouverture T2.8",Marketing,20s,4K (3840x2160)
44,ARRI Alexa Mini LF,"Zeiss Supreme Prime 35mm, T2.1",Marketing,20s,4K (3840x2160)
45,ARRI Alexa Mini LF,"Zeiss Supreme Prime 35mm, T1.5",Marketing,20s,4K (3840x2160)
46,ARRI Alexa Mini LF,"Zeiss Supreme Prime 50mm, T1.5",Marketing,20s,4K (3840x2160)
47,ARRI Alexa Mini LF,"Zeiss Supreme Prime 85mm, T1.5",Marketing,20s,4K (3840x2160)
48,ARRI Alexa Mini LF,"Zeiss Supreme Prime 35mm, T2.1",Marketing,20s,4K (3840x2160)
49,ARRI Alexa Mini LF,"Zeiss Supreme Prime 35mm, T2.1",Marketing,20s,4K (3840x2160)
50,ARRI Alexa Mini LF,"Zeiss Supreme Prime 50mm T1.5, focus sur le visage",Marketing,20s,4K (3840x2160)
