prompt_number,filename,description,marketing_scenario_type,industry_sector,visual_style,duration_seconds
1,prompt_01_homme_28_ans.json,"Prompt 1: Lancement de smartphone premium - Homme 28 ans, tech enthusiast, bureau moderne high-tech, démonstration caméra AI, style cinématique dynamique, 16:9, 8 secondes",,Consumer Electronics,Hyperréaliste Cinématique,20
2,prompt_02_femme_42_ans.json,"Prompt 2: Sérum anti-âge luxe - Femme 42 ans, élégante, salle de bain luxueuse, application produit, style sophistiqué, 9:16, 4 secondes",,Health & Beauty,Elegant Luxe,20
3,prompt_03_homme_45_ans.json,"Prompt 3: Services consulting B2B - Homme 45 ans, costume, salle de conférence, présentation confiant, style corporate professionnel, 16:9, 8 secondes",,Services Professionnels B2B,Hyperréaliste Cinématique,20
4,prompt_04_femme_25_ans.json,"Prompt 4: Collection mode printemps - Femme 25 ans, mannequin, studio photo minimaliste, défilé élégant, style fashion éditorial, 9:16, 8 secondes",,Fashion & Apparel,Elegant Luxueux,20
5,prompt_05_chef_38_ans.json,"Prompt 5: Restaurant gastronomique - Chef 38 ans, cuisine professionnelle, préparation plat signature, style documentaire authentique, 16:9, 8 secondes",,Food & Beverage,Documentary Authentique,20
6,prompt_06_conducteur_35_ans.json,"Prompt 6: Voiture électrique SUV - Conducteur 35 ans, route côtière panoramique, conduite dynamique, style automobile cinématique, 2.39:1, 12 secondes",,Automobile (Véhicule Électrique),Hyperréaliste Cinématique,20
7,prompt_07_agent_32_ans_femme.json,"Prompt 7: Appartement luxe immobilier - Agent 32 ans femme, penthouse moderne, visite guidée, style real estate aspirationnel, 16:9, 8 secondes",,Immobilier Luxe,Lifestyle Aspirationnel,20
8,prompt_08_développeuse_29_ans.json,"Prompt 8: Plateforme SaaS cloud - Développeuse 29 ans, open space tech, démonstration interface, style tech innovant, 16:9, 8 secondes",,Technology/SaaS,Cinematic Tech Innovant,20
9,prompt_09_coach_31_ans_homme.json,"Prompt 9: Salle de sport premium - Coach 31 ans homme, gym équipé, entraînement intensif, style fitness énergique, 9:16, 8 secondes",,Fitness & Wellness,Hyperréaliste Cinématique Énergique,20
10,prompt_10_conseillère_40_ans.json,"Prompt 10: Banque services financiers - Conseillère 40 ans, bureau élégant, consultation client, style trustworthy professionnel, 16:9, 8 secondes",,Services Financiers,Hyperréaliste Cinématique,20
11,prompt_11_concierge_35_ans_femme.json,"Prompt 11: Hôtel boutique luxe - Concierge 35 ans femme, lobby design, accueil chaleureux, style hospitality premium, 16:9, 8 secondes",,Travel & Hospitality,Elegant Luxe,20
12,prompt_12_couple_30-35_ans.json,"Prompt 12: Canapé design scandinave - Couple 30-35 ans, salon lumineux, moment détente, style home décor lifestyle, 16:9, 8 secondes",,Home & Garden,Lifestyle Aspirationnel,20
13,prompt_13_instructeur_38_ans_homme.json,"Prompt 13: Cours en ligne certification - Instructeur 38 ans homme, studio enregistrement, présentation dynamique, style e-learning professionnel, 16:9, 8 secondes",,Éducation E-learning,Cinématique Professionnel,20
14,prompt_14_jeune_femme_26_ans.json,"Prompt 14: Plateforme streaming série - Jeune femme 26 ans, canapé cosy soir, binge-watching, style entertainment casual, 16:9, 4 secondes",,Entertainment & Media,Hyperréaliste Cinématique,20
15,prompt_15_dentiste_42_ans_femme.json,"Prompt 15: Clinique dentaire moderne - Dentiste 42 ans femme, cabinet high-tech, consultation rassurante, style healthcare professionnel, 16:9, 8 secondes",,Healthcare Professional Services,Hyperréaliste Cinématique,20
16,prompt_16_athlète_27_ans_homme.json,"Prompt 16: Montre connectée sport - Athlète 27 ans homme, parcours trail nature, running dynamique, style wearable action, 9:16, 8 secondes",,Consumer Electronics,Hyperréaliste Cinématique,20
17,prompt_17_femme_30_ans.json,"Prompt 17: Parfum féminin prestige - Femme 30 ans, décor luxueux doré, geste élégant, style fragrance cinématique, 9:16, 8 secondes",,Health & Beauty,Elegant Cinématique,20
18,prompt_18_avocate_45_ans.json,"Prompt 18: Cabinet avocat corporate - Avocate 45 ans, bibliothèque juridique, consultation sérieuse, style legal authoritative, 16:9, 8 secondes",,Services Professionnels Juridiques,Cinématique Autoritaire,20
19,prompt_19_homme_24_ans.json,"Prompt 19: Sneakers édition limitée - Homme 24 ans, studio urbain, unboxing excité, style streetwear dynamique, 9:16, 4 secondes",,Fashion & Apparel,Hyperréaliste Cinématique Dynamique,20
20,prompt_20_barista_28_ans_femme.json,"Prompt 20: Café artisanal specialty - Barista 28 ans femme, coffee shop cosy, préparation latte art, style café lifestyle, 16:9, 8 secondes",,Food & Beverage,Lifestyle Cinématique,20
21,prompt_21_motard_33_ans.json,"Prompt 21: Moto électrique sportive - Motard 33 ans, route montagne, virage dynamique, style moto cinématique, 2.39:1, 8 secondes",,Automotive Electric Vehicles,Hyperréaliste Cinématique,20
22,prompt_22_agent_38_ans_homme.json,"Prompt 22: Villa bord de mer luxe - Agent 38 ans homme, terrasse vue océan, visite panoramique, style luxury real estate, 16:9, 12 secondes",,Real Estate Luxe,Elegant Luxueux Cinématique,20
23,prompt_23_entrepreneur_31_ans_femme.json,"Prompt 23: Application mobile fintech - Entrepreneur 31 ans femme, café moderne, utilisation app, style fintech innovant, 9:16, 4 secondes",,"Financial Services, Technology","Hyperréaliste Cinématique, Fintech Innovant",20
24,prompt_24_instructrice_29_ans.json,"Prompt 24: Studio yoga wellness - Instructrice 29 ans, salle lumineuse zen, séance méditation, style wellness calme, 16:9, 8 secondes",,Fitness & Wellness,Hyperréaliste Cinématique,20
25,prompt_25_conseiller_44_ans_homme.json,"Prompt 25: Assurance vie famille - Conseiller 44 ans homme, bureau chaleureux, explication rassurante, style insurance trustworthy, 16:9, 8 secondes",,Financial Services / Insurance,Cinematic / Corporate,20
26,prompt_26_couple_35_ans.json,"Prompt 26: Resort tropical vacances - Couple 35 ans, plage paradisiaque, moment romantique, style travel aspirationnel, 16:9, 8 secondes",,Travel & Hospitality,Lifestyle Cinématique Luxe,20
27,prompt_27_famille_30-40_ans.json,"Prompt 27: Table à manger design - Famille 30-40 ans, salle à manger moderne, dîner convivial, style furniture lifestyle, 16:9, 8 secondes",,Home & Garden,Hyperréaliste Cinématique,20
28,prompt_28_professeur_50_ans_homme.json,"Prompt 28: Formation leadership MBA - Professeur 50 ans homme, amphithéâtre, cours magistral, style education académique, 16:9, 8 secondes",,Education & E-learning,Corporate professionnel,20
29,prompt_29_gamer_22_ans.json,"Prompt 29: Console jeux vidéo next-gen - Gamer 22 ans, setup gaming RGB, session intense, style gaming énergique, 16:9, 8 secondes",,Consumer Electronics,Hyperréaliste Cinématique,20
30,prompt_30_chirurgien_48_ans_homme.json,"Prompt 30: Chirurgie esthétique clinique - Chirurgien 48 ans homme, salle consultation, présentation procédure, style medical professionnel, 16:9, 8 secondes",,Santé & Esthétique Médicale,Hyperréaliste Cinématique Professionnel,20
31,prompt_31_designer_27_ans_femme.json,"Prompt 31: Laptop professionnel ultrabook - Designer 27 ans femme, studio créatif, workflow design, style tech creative, 16:9, 8 secondes",,Consumer Electronics,Hyperréaliste Cinématique,20
32,prompt_32_femme_35_ans.json,"Prompt 32: Crème hydratante bio - Femme 35 ans, salle de bain naturelle, routine skincare, style beauty naturel, 9:16, 4 secondes",,Health & Beauty,Hyperréaliste Cinématique,20
33,prompt_33_team_28-35_ans_mixte.json,"Prompt 33: Agence marketing digital - Team 28-35 ans mixte, open space créatif, brainstorming dynamique, style agency énergique, 16:9, 8 secondes",,Services Professionnels,Energetic Dynamique,20
34,prompt_34_mannequin_26_ans.json,"Prompt 34: Robe de soirée haute couture - Mannequin 26 ans, escalier palace, descente majestueuse, style haute couture glamour, 9:16, 8 secondes",,Fashion & Apparel,Elegant Luxueux Cinématique,20
35,prompt_35_chef_32_ans.json,"Prompt 35: Burger gourmet restaurant - Chef 32 ans, cuisine ouverte, assemblage burger, style food porn appétissant, 16:9, 4 secondes",,Food & Beverage,Hyperréaliste Cinématique,20
36,prompt_36_conductrice_40_ans.json,"Prompt 36: Berline hybride premium - Conductrice 40 ans, ville nocturne, conduite urbaine, style automotive sophistiqué, 2.39:1, 8 secondes",,Automobile de Luxe,Cinématique Luxe,20
37,prompt_37_architecte_36_ans_femme.json,"Prompt 37: Loft industriel rénovation - Architecte 36 ans femme, espace loft, présentation projet, style architecture moderne, 16:9, 8 secondes",,Architecture Design Immobilier,Cinématique Moderne Luxe,20
38,prompt_38_manager_42_ans_homme.json,"Prompt 38: CRM software entreprise - Manager 42 ans homme, bureau directeur, démonstration dashboard, style enterprise software, 16:9, 8 secondes",,Technology/SaaS,Corporate Professionnel,20
39,prompt_39_athlète_26_ans_femme.json,"Prompt 39: Crossfit box entraînement - Athlète 26 ans femme, salle crossfit, WOD intense, style fitness hardcore, 9:16, 8 secondes",,Fitness & Wellness,Hyperréaliste cinématique,20
40,prompt_40_trader_35_ans_homme.json,"Prompt 40: Investissement bourse trading - Trader 35 ans homme, bureau trading screens, analyse marchés, style finance professionnel, 16:9, 8 secondes",,Services Financiers,Hyperréaliste Cinématique,20
41,prompt_41_thérapeute_33_ans_femme.json,"Prompt 41: Spa wellness massage - Thérapeute 33 ans femme, salle spa zen, massage relaxant, style wellness serein, 16:9, 8 secondes",,Health & Beauty,Elegant luxueux,20
42,prompt_42_couple_32_ans.json,"Prompt 42: Luminaire design suspension - Couple 32 ans, salon contemporain, éclairage ambiance, style lighting design, 16:9, 4 secondes",,Home & Garden / Design d'Intérieur,Hyperréaliste Cinématique,20
43,prompt_43_instructeur_30_ans_homme.json,"Prompt 43: Bootcamp coding développeur - Instructeur 30 ans homme, salle formation tech, cours coding, style tech education, 16:9, 8 secondes",,Education & E-learning,Hyperréaliste cinématique,20
44,prompt_44_jeune_20_ans.json,"Prompt 44: Casque VR réalité virtuelle - Jeune 20 ans, salon tech, expérience immersive, style VR futuriste, 16:9, 8 secondes",,Consumer Electronics,Hyperréaliste Cinématique,20
45,prompt_45_pédiatre_39_ans_femme.json,"Prompt 45: Hôpital pédiatrie service - Pédiatre 39 ans femme, salle consultation enfants, examen bienveillant, style healthcare caring, 16:9, 8 secondes",,Healthcare Services,Hyperréaliste Cinématique,20
46,prompt_46_musicien_29_ans_homme.json,"Prompt 46: Écouteurs wireless premium - Musicien 29 ans homme, studio musique, écoute critique, style audio professionnel, 9:16, 4 secondes",,Consumer Electronics,Hyperréaliste Cinématique,20
47,prompt_47_femme_28_ans.json,"Prompt 47: Rouge à lèvres collection - Femme 28 ans, studio beauté, application makeup, style cosmetics vibrant, 9:16, 4 secondes",,Health & Beauty,Elegant Luxe,20
48,prompt_48_notaire_52_ans_homme.json,"Prompt 48: Notaire étude juridique - Notaire 52 ans homme, bureau classique, signature acte, style notarial solennel, 16:9, 8 secondes",,Professional Services,Hyperréaliste Cinématique,20
49,prompt_49_runner_25_ans_femme.json,"Prompt 49: Baskets running performance - Runner 25 ans femme, piste athlétisme, sprint puissant, style sportswear dynamique, 9:16, 8 secondes",,Fitness & Wellness,Hyperréaliste Cinématique Dynamique,20
50,prompt_50_sommelier_34_ans_femme.json,"Prompt 50: Thé premium boutique - Sommelier 34 ans femme, boutique thé élégante, dégustation cérémonie, style tea lifestyle raffiné, 16:9, 8 secondes",,Food & Beverage,Elegant Luxe,20
